location,vibe,proximity,notes
IGA Marché Tellier Sainte Dorothee,CALME,LOIN,"Timestamp: 2026-06-12T16:42:40Z, Db: -42.66528054970437"
IGA Marché Tellier Sainte Dorothee,NORMAL,MOYENNE,"Timestamp: 2026-06-12T16:42:40Z, Db: 54.220817656234544"
IGA Marché Tellier Sainte Dorothee,NORMAL,MOYENNE,"Timestamp: 2026-06-12T16:42:40Z, Db: 55.9650594265889"
IGA Marché Tellier Sainte Dorothee,NORMAL,MOYENNE,"Timestamp: 2026-06-12T16:42:40Z, Db: 56.38381429912269"
IGA Marché Tellier Sainte Dorothee,NORMAL,MOYENNE,"Timestamp: 2026-06-12T16:42:40Z, Db: 56.8337619755584"
IGA Marché Tellier Sainte Dorothee,NORMAL,MOYENNE,"Timestamp: 2026-06-12T16:42:40Z, Db: 57.793534549972435"
IGA Marché Tellier Sainte Dorothee,NORMAL,MOYENNE,"Timestamp: 2026-06-12T16:42:40Z, Db: 57.027257161112"
IGA Marché Tellier Sainte Dorothee,NORMAL,MOYENNE,"Timestamp: 2026-06-12T16:42:40Z, Db: 57.13368871795354"
IGA Marché Tellier Sainte Dorothee,NORMAL,MOYENNE,"Timestamp: 2026-06-12T16:42:40Z, Db: 55.81079515929229"
IGA Marché Tellier Sainte Dorothee,NORMAL,MOYENNE,"Timestamp: 2026-06-12T16:42:40Z, Db: 56.95322438926758"
IGA Marché Tellier Sainte Dorothee,NORMAL,MOYENNE,"Timestamp: 2026-06-12T16:42:40Z, Db: 59.59469967132323"
IGA Marché Tellier Sainte Dorothee,NORMAL,MOYENNE,"Timestamp: 2026-06-12T16:42:40Z, Db: 57.262108604174585"
IGA Marché Tellier Sainte Dorothee,NORMAL,MOYENNE,"Timestamp: 2026-06-12T16:42:40Z, Db: 59.551329429815326"
IGA Marché Tellier Sainte Dorothee,NORMAL,MOYENNE,"Timestamp: 2026-06-12T16:42:40Z, Db: 56.707876404962256"
IGA Marché Tellier Sainte Dorothee,NORMAL,MOYENNE,"Timestamp: 2026-06-12T16:42:40Z, Db: 57.79985365017553"
IGA Marché Tellier Sainte Dorothee,NORMAL,MOYENNE,"Timestamp: 2026-06-12T16:42:40Z, Db: 58.28771064591503"
IGA Marché Tellier Sainte Dorothee,NORMAL,MOYENNE,"Timestamp: 2026-06-12T16:42:40Z, Db: 56.8427647744474"
IGA Marché Tellier Sainte Dorothee,NORMAL,MOYENNE,"Timestamp: 2026-06-12T16:42:40Z, Db: 57.65314636044276"
IGA Marché Tellier Sainte Dorothee,NORMAL,MOYENNE,"Timestamp: 2026-06-12T16:43:05Z, Db: 53.44532287943916"
IGA Marché Tellier Sainte Dorothee,NORMAL,MOYENNE,"Timestamp: 2026-06-12T16:43:05Z, Db: 58.43084598821618"
IGA Marché Tellier Sainte Dorothee,NORMAL,MOYENNE,"Timestamp: 2026-06-12T16:43:05Z, Db: 57.45920975090712"
IGA Marché Tellier Sainte Dorothee,NORMAL,MOYENNE,"Timestamp: 2026-06-12T16:43:05Z, Db: 58.56693925119504"
IGA Marché Tellier Sainte Dorothee,NORMAL,MOYENNE,"Timestamp: 2026-06-12T16:43:05Z, Db: 59.59293111577932"
IGA Marché Tellier Sainte Dorothee,NORMAL,MOYENNE,"Timestamp: 2026-06-12T16:43:05Z, Db: 58.91748236135229"
IGA Marché Tellier Sainte Dorothee,BRUYANT,PROCHE,"Timestamp: 2026-06-12T16:43:05Z, Db: 60.183081418883816"
IGA Marché Tellier Sainte Dorothee,BRUYANT,PROCHE,"Timestamp: 2026-06-12T16:43:05Z, Db: 61.177484111522986"
IGA Marché Tellier Sainte Dorothee,BRUYANT,PROCHE,"Timestamp: 2026-06-12T16:43:05Z, Db: 60.673383968521115"
IGA Marché Tellier Sainte Dorothee,NORMAL,MOYENNE,"Timestamp: 2026-06-12T16:43:05Z, Db: 55.275998687139946"
IGA Marché Tellier Sainte Dorothee,NORMAL,MOYENNE,"Timestamp: 2026-06-12T16:43:05Z, Db: 55.57299412765366"
IGA Marché Tellier Sainte Dorothee,NORMAL,MOYENNE,"Timestamp: 2026-06-12T16:43:05Z, Db: 57.41398420367016"
IGA Marché Tellier Sainte Dorothee,NORMAL,MOYENNE,"Timestamp: 2026-06-12T16:43:05Z, Db: 58.55329702533825"
IGA Marché Tellier Sainte Dorothee,BRUYANT,PROCHE,"Timestamp: 2026-06-12T16:43:05Z, Db: 61.63031883209197"
IGA Marché Tellier Sainte Dorothee,NORMAL,MOYENNE,"Timestamp: 2026-06-12T16:43:05Z, Db: 57.97082404287265"
IGA Marché Tellier Sainte Dorothee,NORMAL,MOYENNE,"Timestamp: 2026-06-12T16:43:05Z, Db: 57.516848924343904"
IGA Marché Tellier Sainte Dorothee,NORMAL,MOYENNE,"Timestamp: 2026-06-12T16:43:05Z, Db: 58.9456420944268"
IGA Marché Tellier Sainte Dorothee,NORMAL,MOYENNE,"Timestamp: 2026-06-12T16:43:28Z, Db: 51.690303467760906"
IGA Marché Tellier Sainte Dorothee,NORMAL,MOYENNE,"Timestamp: 2026-06-12T16:43:28Z, Db: 58.36941064446332"
IGA Marché Tellier Sainte Dorothee,NORMAL,MOYENNE,"Timestamp: 2026-06-12T16:43:28Z, Db: 57.65284976746575"
IGA Marché Tellier Sainte Dorothee,NORMAL,MOYENNE,"Timestamp: 2026-06-12T16:43:28Z, Db: 58.89908527653855"
IGA Marché Tellier Sainte Dorothee,NORMAL,MOYENNE,"Timestamp: 2026-06-12T16:43:28Z, Db: 58.41440971680787"
IGA Marché Tellier Sainte Dorothee,NORMAL,MOYENNE,"Timestamp: 2026-06-12T16:43:28Z, Db: 56.682083606161584"
IGA Marché Tellier Sainte Dorothee,NORMAL,MOYENNE,"Timestamp: 2026-06-12T16:43:28Z, Db: 56.5133192115258"
IGA Marché Tellier Sainte Dorothee,NORMAL,MOYENNE,"Timestamp: 2026-06-12T16:43:28Z, Db: 56.66867554159034"
IGA Marché Tellier Sainte Dorothee,NORMAL,MOYENNE,"Timestamp: 2026-06-12T16:43:28Z, Db: 56.77101670209897"
IGA Marché Tellier Sainte Dorothee,NORMAL,MOYENNE,"Timestamp: 2026-06-12T16:43:28Z, Db: 56.590198038744916"
IGA Marché Tellier Sainte Dorothee,NORMAL,MOYENNE,"Timestamp: 2026-06-12T16:43:28Z, Db: 58.705768876805806"
IGA Marché Tellier Sainte Dorothee,NORMAL,MOYENNE,"Timestamp: 2026-06-12T16:43:28Z, Db: 59.34218339087464"
IGA Marché Tellier Sainte Dorothee,NORMAL,MOYENNE,"Timestamp: 2026-06-12T16:43:28Z, Db: 58.84143611115857"
IGA Marché Tellier Sainte Dorothee,NORMAL,MOYENNE,"Timestamp: 2026-06-12T16:43:28Z, Db: 59.72529677704329"
IGA Marché Tellier Sainte Dorothee,NORMAL,MOYENNE,"Timestamp: 2026-06-12T16:43:28Z, Db: 57.73621320300232"
IGA Marché Tellier Sainte Dorothee,NORMAL,MOYENNE,"Timestamp: 2026-06-12T16:43:28Z, Db: 58.624899587084926"
IGA Marché Tellier Sainte Dorothee,NORMAL,MOYENNE,"Timestamp: 2026-06-12T16:43:51Z, Db: 50.81754832866533"
IGA Marché Tellier Sainte Dorothee,NORMAL,MOYENNE,"Timestamp: 2026-06-12T16:43:51Z, Db: 56.769621480586245"
IGA Marché Tellier Sainte Dorothee,NORMAL,MOYENNE,"Timestamp: 2026-06-12T16:43:51Z, Db: 57.084363685571546"
IGA Marché Tellier Sainte Dorothee,NORMAL,MOYENNE,"Timestamp: 2026-06-12T16:43:51Z, Db: 58.7925006244193"
IGA Marché Tellier Sainte Dorothee,NORMAL,MOYENNE,"Timestamp: 2026-06-12T16:43:51Z, Db: 59.644868364496716"
IGA Marché Tellier Sainte Dorothee,NORMAL,MOYENNE,"Timestamp: 2026-06-12T16:43:51Z, Db: 59.68728204998378"
IGA Marché Tellier Sainte Dorothee,NORMAL,MOYENNE,"Timestamp: 2026-06-12T16:43:51Z, Db: 58.18220816347199"
IGA Marché Tellier Sainte Dorothee,NORMAL,MOYENNE,"Timestamp: 2026-06-12T16:43:51Z, Db: 56.53457908457075"
IGA Marché Tellier Sainte Dorothee,NORMAL,MOYENNE,"Timestamp: 2026-06-12T16:43:51Z, Db: 56.38514686289422"
IGA Marché Tellier Sainte Dorothee,NORMAL,MOYENNE,"Timestamp: 2026-06-12T16:43:51Z, Db: 58.50825940602697"
IGA Marché Tellier Sainte Dorothee,NORMAL,MOYENNE,"Timestamp: 2026-06-12T16:43:51Z, Db: 58.41082951054758"
IGA Marché Tellier Sainte Dorothee,NORMAL,MOYENNE,"Timestamp: 2026-06-12T16:43:51Z, Db: 59.103791717890665"
IGA Marché Tellier Sainte Dorothee,NORMAL,MOYENNE,"Timestamp: 2026-06-12T16:43:51Z, Db: 59.79175498501845"
IGA Marché Tellier Sainte Dorothee,NORMAL,MOYENNE,"Timestamp: 2026-06-12T16:43:51Z, Db: 57.75911120197261"
IGA Marché Tellier Sainte Dorothee,NORMAL,MOYENNE,"Timestamp: 2026-06-12T16:43:51Z, Db: 59.87430931020146"
IGA Marché Tellier Sainte Dorothee,NORMAL,MOYENNE,"Timestamp: 2026-06-12T16:43:51Z, Db: 58.74719746497067"
IGA Marché Tellier Sainte Dorothee,NORMAL,MOYENNE,"Timestamp: 2026-06-12T16:43:51Z, Db: 58.936829303864585"
IGA Marché Tellier Sainte Dorothee,NORMAL,MOYENNE,"Timestamp: 2026-06-12T16:44:15Z, Db: 53.881574956225975"
IGA Marché Tellier Sainte Dorothee,NORMAL,MOYENNE,"Timestamp: 2026-06-12T16:44:15Z, Db: 59.20311640888828"
IGA Marché Tellier Sainte Dorothee,NORMAL,MOYENNE,"Timestamp: 2026-06-12T16:44:15Z, Db: 58.27830433409602"
IGA Marché Tellier Sainte Dorothee,NORMAL,MOYENNE,"Timestamp: 2026-06-12T16:44:15Z, Db: 58.3907888967328"
IGA Marché Tellier Sainte Dorothee,NORMAL,MOYENNE,"Timestamp: 2026-06-12T16:44:15Z, Db: 58.63991850913955"
IGA Marché Tellier Sainte Dorothee,NORMAL,MOYENNE,"Timestamp: 2026-06-12T16:44:15Z, Db: 58.06271470055382"
IGA Marché Tellier Sainte Dorothee,NORMAL,MOYENNE,"Timestamp: 2026-06-12T16:44:15Z, Db: 59.852207335947426"
IGA Marché Tellier Sainte Dorothee,NORMAL,MOYENNE,"Timestamp: 2026-06-12T16:44:15Z, Db: 59.09293467955753"
IGA Marché Tellier Sainte Dorothee,NORMAL,MOYENNE,"Timestamp: 2026-06-12T16:44:15Z, Db: 55.79723995046788"
IGA Marché Tellier Sainte Dorothee,NORMAL,MOYENNE,"Timestamp: 2026-06-12T16:44:15Z, Db: 58.3488569118244"
IGA Marché Tellier Sainte Dorothee,NORMAL,MOYENNE,"Timestamp: 2026-06-12T16:44:15Z, Db: 58.89034054997004"
IGA Marché Tellier Sainte Dorothee,BRUYANT,PROCHE,"Timestamp: 2026-06-12T16:44:15Z, Db: 60.05955099008866"
IGA Marché Tellier Sainte Dorothee,NORMAL,MOYENNE,"Timestamp: 2026-06-12T16:44:15Z, Db: 59.27524165871023"
IGA Marché Tellier Sainte Dorothee,NORMAL,MOYENNE,"Timestamp: 2026-06-12T16:44:15Z, Db: 56.190761319333156"
IGA Marché Tellier Sainte Dorothee,BRUYANT,PROCHE,"Timestamp: 2026-06-12T16:44:15Z, Db: 60.13172463028355"
IGA Marché Tellier Sainte Dorothee,NORMAL,MOYENNE,"Timestamp: 2026-06-12T16:44:15Z, Db: 57.45741279468422"
IGA Marché Tellier Sainte Dorothee,CALME,LOIN,"Timestamp: 2026-06-12T16:44:39Z, Db: -42.849521528225395"
IGA Marché Tellier Sainte Dorothee,NORMAL,MOYENNE,"Timestamp: 2026-06-12T16:44:39Z, Db: 49.343069710898874"
IGA Marché Tellier Sainte Dorothee,NORMAL,MOYENNE,"Timestamp: 2026-06-12T16:44:39Z, Db: 57.83610243199516"
IGA Marché Tellier Sainte Dorothee,NORMAL,MOYENNE,"Timestamp: 2026-06-12T16:44:39Z, Db: 55.982374121701675"
IGA Marché Tellier Sainte Dorothee,BRUYANT,PROCHE,"Timestamp: 2026-06-12T16:44:39Z, Db: 60.11918814753036"
IGA Marché Tellier Sainte Dorothee,NORMAL,MOYENNE,"Timestamp: 2026-06-12T16:44:39Z, Db: 57.25340509605908"
IGA Marché Tellier Sainte Dorothee,NORMAL,MOYENNE,"Timestamp: 2026-06-12T16:44:39Z, Db: 59.73466992854743"
IGA Marché Tellier Sainte Dorothee,NORMAL,MOYENNE,"Timestamp: 2026-06-12T16:44:39Z, Db: 57.16507263699239"
IGA Marché Tellier Sainte Dorothee,NORMAL,MOYENNE,"Timestamp: 2026-06-12T16:44:39Z, Db: 57.74782337487139"
IGA Marché Tellier Sainte Dorothee,NORMAL,MOYENNE,"Timestamp: 2026-06-12T16:44:39Z, Db: 56.32885753053263"
IGA Marché Tellier Sainte Dorothee,NORMAL,MOYENNE,"Timestamp: 2026-06-12T16:44:39Z, Db: 57.751623475623475"
IGA Marché Tellier Sainte Dorothee,NORMAL,MOYENNE,"Timestamp: 2026-06-12T16:44:39Z, Db: 58.82621275401718"
IGA Marché Tellier Sainte Dorothee,NORMAL,MOYENNE,"Timestamp: 2026-06-12T16:44:39Z, Db: 56.2883587566639"
IGA Marché Tellier Sainte Dorothee,NORMAL,MOYENNE,"Timestamp: 2026-06-12T16:44:39Z, Db: 59.529163045111375"
IGA Marché Tellier Sainte Dorothee,NORMAL,MOYENNE,"Timestamp: 2026-06-12T16:44:39Z, Db: 58.76476623944474"
IGA Marché Tellier Sainte Dorothee,NORMAL,MOYENNE,"Timestamp: 2026-06-12T16:44:39Z, Db: 57.42785138534896"
IGA Marché Tellier Sainte Dorothee,BRUYANT,PROCHE,"Timestamp: 2026-06-12T16:44:39Z, Db: 60.01192095451833"
IGA Marché Tellier Sainte Dorothee,NORMAL,MOYENNE,"Timestamp: 2026-06-12T16:44:39Z, Db: 58.4109705033874"
IGA Marché Tellier Sainte Dorothee,CALME,LOIN,"Timestamp: 2026-06-12T16:45:03Z, Db: -40.441512543075895"
IGA Marché Tellier Sainte Dorothee,NORMAL,MOYENNE,"Timestamp: 2026-06-12T16:45:03Z, Db: 50.197823870108294"
IGA Marché Tellier Sainte Dorothee,NORMAL,MOYENNE,"Timestamp: 2026-06-12T16:45:03Z, Db: 54.35650536396842"
IGA Marché Tellier Sainte Dorothee,BRUYANT,PROCHE,"Timestamp: 2026-06-12T16:45:03Z, Db: 60.602044958904784"
IGA Marché Tellier Sainte Dorothee,NORMAL,MOYENNE,"Timestamp: 2026-06-12T16:45:03Z, Db: 59.35826344065184"
IGA Marché Tellier Sainte Dorothee,NORMAL,MOYENNE,"Timestamp: 2026-06-12T16:45:03Z, Db: 57.14164086212726"
IGA Marché Tellier Sainte Dorothee,NORMAL,MOYENNE,"Timestamp: 2026-06-12T16:45:03Z, Db: 56.53204905055997"
IGA Marché Tellier Sainte Dorothee,NORMAL,MOYENNE,"Timestamp: 2026-06-12T16:45:03Z, Db: 57.6110688297659"
IGA Marché Tellier Sainte Dorothee,NORMAL,MOYENNE,"Timestamp: 2026-06-12T16:45:03Z, Db: 57.17125676491621"
IGA Marché Tellier Sainte Dorothee,NORMAL,MOYENNE,"Timestamp: 2026-06-12T16:45:03Z, Db: 56.79381184792519"
IGA Marché Tellier Sainte Dorothee,BRUYANT,PROCHE,"Timestamp: 2026-06-12T16:45:03Z, Db: 60.49103606452391"
IGA Marché Tellier Sainte Dorothee,NORMAL,MOYENNE,"Timestamp: 2026-06-12T16:45:03Z, Db: 58.566496662049936"
IGA Marché Tellier Sainte Dorothee,BRUYANT,PROCHE,"Timestamp: 2026-06-12T16:45:03Z, Db: 60.437308500003"
IGA Marché Tellier Sainte Dorothee,NORMAL,MOYENNE,"Timestamp: 2026-06-12T16:45:03Z, Db: 56.512725924147524"
IGA Marché Tellier Sainte Dorothee,NORMAL,MOYENNE,"Timestamp: 2026-06-12T16:45:03Z, Db: 56.69791378115855"
IGA Marché Tellier Sainte Dorothee,NORMAL,MOYENNE,"Timestamp: 2026-06-12T16:45:03Z, Db: 58.29312575767558"
IGA Marché Tellier Sainte Dorothee,NORMAL,MOYENNE,"Timestamp: 2026-06-12T16:45:03Z, Db: 57.09061397301162"
IGA Marché Tellier Sainte Dorothee,NORMAL,MOYENNE,"Timestamp: 2026-06-12T16:45:03Z, Db: 57.15614468809968"
IGA Marché Tellier Sainte Dorothee,CALME,LOIN,"Timestamp: 2026-06-12T16:45:28Z, Db: -43.11837036178925"
IGA Marché Tellier Sainte Dorothee,NORMAL,MOYENNE,"Timestamp: 2026-06-12T16:45:28Z, Db: 53.26763201769001"
IGA Marché Tellier Sainte Dorothee,NORMAL,MOYENNE,"Timestamp: 2026-06-12T16:45:28Z, Db: 58.11543572905441"
IGA Marché Tellier Sainte Dorothee,NORMAL,MOYENNE,"Timestamp: 2026-06-12T16:45:28Z, Db: 57.15947802924872"
IGA Marché Tellier Sainte Dorothee,NORMAL,MOYENNE,"Timestamp: 2026-06-12T16:45:28Z, Db: 56.93524687476874"
IGA Marché Tellier Sainte Dorothee,NORMAL,MOYENNE,"Timestamp: 2026-06-12T16:45:28Z, Db: 57.216896799457814"
IGA Marché Tellier Sainte Dorothee,BRUYANT,PROCHE,"Timestamp: 2026-06-12T16:45:28Z, Db: 60.53323692921555"
IGA Marché Tellier Sainte Dorothee,NORMAL,MOYENNE,"Timestamp: 2026-06-12T16:45:28Z, Db: 58.273972812302894"
IGA Marché Tellier Sainte Dorothee,NORMAL,MOYENNE,"Timestamp: 2026-06-12T16:45:28Z, Db: 59.030991414156546"
IGA Marché Tellier Sainte Dorothee,NORMAL,MOYENNE,"Timestamp: 2026-06-12T16:45:28Z, Db: 59.95184048765389"
IGA Marché Tellier Sainte Dorothee,NORMAL,MOYENNE,"Timestamp: 2026-06-12T16:45:28Z, Db: 58.38929635772782"
IGA Marché Tellier Sainte Dorothee,NORMAL,MOYENNE,"Timestamp: 2026-06-12T16:45:28Z, Db: 55.8382382383379"
IGA Marché Tellier Sainte Dorothee,NORMAL,MOYENNE,"Timestamp: 2026-06-12T16:45:28Z, Db: 59.730842160947724"
IGA Marché Tellier Sainte Dorothee,NORMAL,MOYENNE,"Timestamp: 2026-06-12T16:45:28Z, Db: 59.66749745498782"
IGA Marché Tellier Sainte Dorothee,NORMAL,MOYENNE,"Timestamp: 2026-06-12T16:45:28Z, Db: 59.64189173195002"
IGA Marché Tellier Sainte Dorothee,NORMAL,MOYENNE,"Timestamp: 2026-06-12T16:45:28Z, Db: 58.568096498600596"
IGA Marché Tellier Sainte Dorothee,NORMAL,MOYENNE,"Timestamp: 2026-06-12T16:45:28Z, Db: 58.12314264715426"
IGA Marché Tellier Sainte Dorothee,NORMAL,MOYENNE,"Timestamp: 2026-06-12T16:45:28Z, Db: 57.624650303710155"
IGA Marché Tellier Sainte Dorothee,NORMAL,MOYENNE,"Timestamp: 2026-06-12T16:45:53Z, Db: 52.97562675277747"
IGA Marché Tellier Sainte Dorothee,BRUYANT,PROCHE,"Timestamp: 2026-06-12T16:45:53Z, Db: 61.45188458764451"
IGA Marché Tellier Sainte Dorothee,NORMAL,MOYENNE,"Timestamp: 2026-06-12T16:45:53Z, Db: 57.50316444157019"
IGA Marché Tellier Sainte Dorothee,NORMAL,MOYENNE,"Timestamp: 2026-06-12T16:45:53Z, Db: 57.46103331821626"
IGA Marché Tellier Sainte Dorothee,NORMAL,MOYENNE,"Timestamp: 2026-06-12T16:45:53Z, Db: 57.82315389667786"
IGA Marché Tellier Sainte Dorothee,NORMAL,MOYENNE,"Timestamp: 2026-06-12T16:45:53Z, Db: 58.83537106345122"
IGA Marché Tellier Sainte Dorothee,NORMAL,MOYENNE,"Timestamp: 2026-06-12T16:45:53Z, Db: 56.83979809051139"
IGA Marché Tellier Sainte Dorothee,NORMAL,MOYENNE,"Timestamp: 2026-06-12T16:45:53Z, Db: 57.99173255893419"
IGA Marché Tellier Sainte Dorothee,NORMAL,MOYENNE,"Timestamp: 2026-06-12T16:45:53Z, Db: 56.042279329641744"
IGA Marché Tellier Sainte Dorothee,NORMAL,MOYENNE,"Timestamp: 2026-06-12T16:45:53Z, Db: 57.27413075172049"
IGA Marché Tellier Sainte Dorothee,NORMAL,MOYENNE,"Timestamp: 2026-06-12T16:45:53Z, Db: 58.63471337445286"
IGA Marché Tellier Sainte Dorothee,NORMAL,MOYENNE,"Timestamp: 2026-06-12T16:45:53Z, Db: 58.01992699200053"
IGA Marché Tellier Sainte Dorothee,NORMAL,MOYENNE,"Timestamp: 2026-06-12T16:45:53Z, Db: 58.32484314722044"
IGA Marché Tellier Sainte Dorothee,NORMAL,MOYENNE,"Timestamp: 2026-06-12T16:45:53Z, Db: 56.949471262604725"
IGA Marché Tellier Sainte Dorothee,NORMAL,MOYENNE,"Timestamp: 2026-06-12T16:45:53Z, Db: 57.536579030250216"
IGA Marché Tellier Sainte Dorothee,NORMAL,MOYENNE,"Timestamp: 2026-06-12T16:45:53Z, Db: 59.72543086532597"
IGA Marché Tellier Sainte Dorothee,NORMAL,MOYENNE,"Timestamp: 2026-06-12T16:45:53Z, Db: 59.934078324196875"
IGA Marché Tellier Sainte Dorothee,CALME,LOIN,"Timestamp: 2026-06-12T16:46:19Z, Db: -43.46821624457013"
IGA Marché Tellier Sainte Dorothee,NORMAL,MOYENNE,"Timestamp: 2026-06-12T16:46:19Z, Db: 51.752652585670724"
IGA Marché Tellier Sainte Dorothee,NORMAL,MOYENNE,"Timestamp: 2026-06-12T16:46:19Z, Db: 57.503493681966404"
IGA Marché Tellier Sainte Dorothee,NORMAL,MOYENNE,"Timestamp: 2026-06-12T16:46:19Z, Db: 56.13839585331811"
IGA Marché Tellier Sainte Dorothee,NORMAL,MOYENNE,"Timestamp: 2026-06-12T16:46:19Z, Db: 55.94036114418734"
IGA Marché Tellier Sainte Dorothee,NORMAL,MOYENNE,"Timestamp: 2026-06-12T16:46:19Z, Db: 58.17816284077762"
IGA Marché Tellier Sainte Dorothee,NORMAL,MOYENNE,"Timestamp: 2026-06-12T16:46:19Z, Db: 57.73945123518846"
IGA Marché Tellier Sainte Dorothee,NORMAL,MOYENNE,"Timestamp: 2026-06-12T16:46:19Z, Db: 58.39726003730104"
IGA Marché Tellier Sainte Dorothee,NORMAL,MOYENNE,"Timestamp: 2026-06-12T16:46:19Z, Db: 59.138193887812626"
IGA Marché Tellier Sainte Dorothee,NORMAL,MOYENNE,"Timestamp: 2026-06-12T16:46:19Z, Db: 57.65504946005473"
IGA Marché Tellier Sainte Dorothee,NORMAL,MOYENNE,"Timestamp: 2026-06-12T16:46:19Z, Db: 56.96986443213162"
IGA Marché Tellier Sainte Dorothee,NORMAL,MOYENNE,"Timestamp: 2026-06-12T16:46:19Z, Db: 58.38452417565876"
IGA Marché Tellier Sainte Dorothee,NORMAL,MOYENNE,"Timestamp: 2026-06-12T16:46:19Z, Db: 58.9817073524523"
IGA Marché Tellier Sainte Dorothee,NORMAL,MOYENNE,"Timestamp: 2026-06-12T16:46:19Z, Db: 57.31681226120212"
IGA Marché Tellier Sainte Dorothee,NORMAL,MOYENNE,"Timestamp: 2026-06-12T16:46:19Z, Db: 59.704280833918034"
IGA Marché Tellier Sainte Dorothee,NORMAL,MOYENNE,"Timestamp: 2026-06-12T16:46:19Z, Db: 57.126527284273145"
IGA Marché Tellier Sainte Dorothee,NORMAL,MOYENNE,"Timestamp: 2026-06-12T16:46:19Z, Db: 59.24958963112608"
IGA Marché Tellier Sainte Dorothee,BRUYANT,PROCHE,"Timestamp: 2026-06-12T16:46:19Z, Db: 60.10282029415822"
IGA Marché Tellier Sainte Dorothee,CALME,LOIN,"Timestamp: 2026-06-12T16:46:44Z, Db: -41.573483304823455"
IGA Marché Tellier Sainte Dorothee,NORMAL,MOYENNE,"Timestamp: 2026-06-12T16:46:44Z, Db: 57.31846141465453"
IGA Marché Tellier Sainte Dorothee,BRUYANT,PROCHE,"Timestamp: 2026-06-12T16:46:44Z, Db: 60.90860337353712"
IGA Marché Tellier Sainte Dorothee,BRUYANT,PROCHE,"Timestamp: 2026-06-12T16:46:44Z, Db: 60.74922838006693"
IGA Marché Tellier Sainte Dorothee,BRUYANT,PROCHE,"Timestamp: 2026-06-12T16:46:44Z, Db: 62.58475461879723"
IGA Marché Tellier Sainte Dorothee,NORMAL,MOYENNE,"Timestamp: 2026-06-12T16:46:44Z, Db: 59.85950885051916"
IGA Marché Tellier Sainte Dorothee,BRUYANT,PROCHE,"Timestamp: 2026-06-12T16:46:44Z, Db: 62.69750936702467"
IGA Marché Tellier Sainte Dorothee,NORMAL,MOYENNE,"Timestamp: 2026-06-12T16:46:44Z, Db: 58.12651396589602"
IGA Marché Tellier Sainte Dorothee,BRUYANT,PROCHE,"Timestamp: 2026-06-12T16:46:44Z, Db: 60.37141338670782"
IGA Marché Tellier Sainte Dorothee,BRUYANT,PROCHE,"Timestamp: 2026-06-12T16:46:44Z, Db: 60.78183399516741"
IGA Marché Tellier Sainte Dorothee,NORMAL,MOYENNE,"Timestamp: 2026-06-12T16:46:44Z, Db: 59.41603838305973"
IGA Marché Tellier Sainte Dorothee,NORMAL,MOYENNE,"Timestamp: 2026-06-12T16:46:44Z, Db: 59.533178804115124"
IGA Marché Tellier Sainte Dorothee,NORMAL,MOYENNE,"Timestamp: 2026-06-12T16:46:44Z, Db: 59.427932564629884"
IGA Marché Tellier Sainte Dorothee,BRUYANT,PROCHE,"Timestamp: 2026-06-12T16:46:44Z, Db: 60.81375191468321"
IGA Marché Tellier Sainte Dorothee,NORMAL,MOYENNE,"Timestamp: 2026-06-12T16:46:44Z, Db: 58.59433010566994"
IGA Marché Tellier Sainte Dorothee,NORMAL,MOYENNE,"Timestamp: 2026-06-12T16:46:44Z, Db: 58.09341636360191"
IGA Marché Tellier Sainte Dorothee,NORMAL,MOYENNE,"Timestamp: 2026-06-12T16:46:44Z, Db: 58.97949000595779"
IGA Marché Tellier Sainte Dorothee,BRUYANT,PROCHE,"Timestamp: 2026-06-12T16:46:44Z, Db: 62.68601187818602"
IGA Marché Tellier Sainte Dorothee,CALME,LOIN,"Timestamp: 2026-06-12T16:47:08Z, Db: -43.15764796060782"
IGA Marché Tellier Sainte Dorothee,NORMAL,MOYENNE,"Timestamp: 2026-06-12T16:47:08Z, Db: 50.39084372562808"
IGA Marché Tellier Sainte Dorothee,NORMAL,MOYENNE,"Timestamp: 2026-06-12T16:47:08Z, Db: 56.71521000902409"
IGA Marché Tellier Sainte Dorothee,NORMAL,MOYENNE,"Timestamp: 2026-06-12T16:47:08Z, Db: 57.980499273047855"
IGA Marché Tellier Sainte Dorothee,NORMAL,MOYENNE,"Timestamp: 2026-06-12T16:47:08Z, Db: 57.18044630305891"
IGA Marché Tellier Sainte Dorothee,NORMAL,MOYENNE,"Timestamp: 2026-06-12T16:47:08Z, Db: 59.40090447407266"
IGA Marché Tellier Sainte Dorothee,NORMAL,MOYENNE,"Timestamp: 2026-06-12T16:47:08Z, Db: 55.94133660565529"
IGA Marché Tellier Sainte Dorothee,NORMAL,MOYENNE,"Timestamp: 2026-06-12T16:47:08Z, Db: 57.968490736093166"
IGA Marché Tellier Sainte Dorothee,NORMAL,MOYENNE,"Timestamp: 2026-06-12T16:47:08Z, Db: 57.741641754618314"
IGA Marché Tellier Sainte Dorothee,NORMAL,MOYENNE,"Timestamp: 2026-06-12T16:47:08Z, Db: 56.47541053694009"
IGA Marché Tellier Sainte Dorothee,NORMAL,MOYENNE,"Timestamp: 2026-06-12T16:47:08Z, Db: 57.05147956784525"
IGA Marché Tellier Sainte Dorothee,NORMAL,MOYENNE,"Timestamp: 2026-06-12T16:47:08Z, Db: 56.89912224389799"
IGA Marché Tellier Sainte Dorothee,NORMAL,MOYENNE,"Timestamp: 2026-06-12T16:47:08Z, Db: 56.636100850733854"
IGA Marché Tellier Sainte Dorothee,NORMAL,MOYENNE,"Timestamp: 2026-06-12T16:47:08Z, Db: 56.99655655778948"
IGA Marché Tellier Sainte Dorothee,NORMAL,MOYENNE,"Timestamp: 2026-06-12T16:47:08Z, Db: 59.424075894949304"
IGA Marché Tellier Sainte Dorothee,NORMAL,MOYENNE,"Timestamp: 2026-06-12T16:47:08Z, Db: 58.33309492039575"
IGA Marché Tellier Sainte Dorothee,NORMAL,MOYENNE,"Timestamp: 2026-06-12T16:47:08Z, Db: 56.82462844690627"
IGA Marché Tellier Sainte Dorothee,NORMAL,MOYENNE,"Timestamp: 2026-06-12T16:47:08Z, Db: 55.47404283245827"
IGA Marché Tellier Sainte Dorothee,NORMAL,MOYENNE,"Timestamp: 2026-06-12T16:47:34Z, Db: 52.953984720560925"
IGA Marché Tellier Sainte Dorothee,NORMAL,MOYENNE,"Timestamp: 2026-06-12T16:47:34Z, Db: 58.806880338975006"
IGA Marché Tellier Sainte Dorothee,NORMAL,MOYENNE,"Timestamp: 2026-06-12T16:47:34Z, Db: 59.251527721500864"
IGA Marché Tellier Sainte Dorothee,NORMAL,MOYENNE,"Timestamp: 2026-06-12T16:47:34Z, Db: 59.668951472702155"
IGA Marché Tellier Sainte Dorothee,NORMAL,MOYENNE,"Timestamp: 2026-06-12T16:47:34Z, Db: 57.65325454357766"
IGA Marché Tellier Sainte Dorothee,NORMAL,MOYENNE,"Timestamp: 2026-06-12T16:47:34Z, Db: 59.05679195949535"
IGA Marché Tellier Sainte Dorothee,NORMAL,MOYENNE,"Timestamp: 2026-06-12T16:47:34Z, Db: 59.622593319391015"
IGA Marché Tellier Sainte Dorothee,BRUYANT,PROCHE,"Timestamp: 2026-06-12T16:47:34Z, Db: 60.567994240869474"
IGA Marché Tellier Sainte Dorothee,NORMAL,MOYENNE,"Timestamp: 2026-06-12T16:47:34Z, Db: 57.61332691122178"
IGA Marché Tellier Sainte Dorothee,NORMAL,MOYENNE,"Timestamp: 2026-06-12T16:47:34Z, Db: 59.44769594040522"
IGA Marché Tellier Sainte Dorothee,NORMAL,MOYENNE,"Timestamp: 2026-06-12T16:47:34Z, Db: 57.29018396605231"
IGA Marché Tellier Sainte Dorothee,NORMAL,MOYENNE,"Timestamp: 2026-06-12T16:47:34Z, Db: 59.161340756446975"
IGA Marché Tellier Sainte Dorothee,NORMAL,MOYENNE,"Timestamp: 2026-06-12T16:47:34Z, Db: 57.34925261580567"
IGA Marché Tellier Sainte Dorothee,NORMAL,MOYENNE,"Timestamp: 2026-06-12T16:47:34Z, Db: 58.99209395403358"
IGA Marché Tellier Sainte Dorothee,BRUYANT,PROCHE,"Timestamp: 2026-06-12T16:47:34Z, Db: 62.411116115633206"
IGA Marché Tellier Sainte Dorothee,NORMAL,MOYENNE,"Timestamp: 2026-06-12T16:47:34Z, Db: 58.34684815203198"
IGA Marché Tellier Sainte Dorothee,NORMAL,MOYENNE,"Timestamp: 2026-06-12T16:47:34Z, Db: 59.2320241769043"
IGA Marché Tellier Sainte Dorothee,NORMAL,MOYENNE,"Timestamp: 2026-06-12T16:47:34Z, Db: 59.426543232952575"
IGA Marché Tellier Sainte Dorothee,NORMAL,MOYENNE,"Timestamp: 2026-06-12T16:48:01Z, Db: 55.98276920350117"
IGA Marché Tellier Sainte Dorothee,NORMAL,MOYENNE,"Timestamp: 2026-06-12T16:48:01Z, Db: 59.77517231828932"
IGA Marché Tellier Sainte Dorothee,NORMAL,MOYENNE,"Timestamp: 2026-06-12T16:48:01Z, Db: 58.899957227006766"
IGA Marché Tellier Sainte Dorothee,NORMAL,MOYENNE,"Timestamp: 2026-06-12T16:48:01Z, Db: 58.627263390316486"
IGA Marché Tellier Sainte Dorothee,NORMAL,MOYENNE,"Timestamp: 2026-06-12T16:48:01Z, Db: 58.517823200338455"
IGA Marché Tellier Sainte Dorothee,BRUYANT,PROCHE,"Timestamp: 2026-06-12T16:48:01Z, Db: 61.18718446699809"
IGA Marché Tellier Sainte Dorothee,NORMAL,MOYENNE,"Timestamp: 2026-06-12T16:48:01Z, Db: 59.72553921407956"
IGA Marché Tellier Sainte Dorothee,BRUYANT,PROCHE,"Timestamp: 2026-06-12T16:48:01Z, Db: 61.14821888724881"
IGA Marché Tellier Sainte Dorothee,NORMAL,MOYENNE,"Timestamp: 2026-06-12T16:48:01Z, Db: 58.223163493398275"
IGA Marché Tellier Sainte Dorothee,NORMAL,MOYENNE,"Timestamp: 2026-06-12T16:48:01Z, Db: 58.55790117070859"
IGA Marché Tellier Sainte Dorothee,NORMAL,MOYENNE,"Timestamp: 2026-06-12T16:48:01Z, Db: 57.486971012965505"
IGA Marché Tellier Sainte Dorothee,NORMAL,MOYENNE,"Timestamp: 2026-06-12T16:48:01Z, Db: 58.61670294183968"
IGA Marché Tellier Sainte Dorothee,NORMAL,MOYENNE,"Timestamp: 2026-06-12T16:48:01Z, Db: 57.15873548288262"
IGA Marché Tellier Sainte Dorothee,NORMAL,MOYENNE,"Timestamp: 2026-06-12T16:48:01Z, Db: 58.12904309324871"
IGA Marché Tellier Sainte Dorothee,NORMAL,MOYENNE,"Timestamp: 2026-06-12T16:48:01Z, Db: 57.52011327691711"
IGA Marché Tellier Sainte Dorothee,NORMAL,MOYENNE,"Timestamp: 2026-06-12T16:48:01Z, Db: 58.507875617261405"
IGA Marché Tellier Sainte Dorothee,NORMAL,MOYENNE,"Timestamp: 2026-06-12T16:48:01Z, Db: 57.99127003189327"
IGA Marché Tellier Sainte Dorothee,NORMAL,MOYENNE,"Timestamp: 2026-06-12T16:48:28Z, Db: 53.97236035555856"
IGA Marché Tellier Sainte Dorothee,NORMAL,MOYENNE,"Timestamp: 2026-06-12T16:48:28Z, Db: 56.003888768601996"
IGA Marché Tellier Sainte Dorothee,NORMAL,MOYENNE,"Timestamp: 2026-06-12T16:48:28Z, Db: 56.47209140496548"
IGA Marché Tellier Sainte Dorothee,NORMAL,MOYENNE,"Timestamp: 2026-06-12T16:48:28Z, Db: 58.37359638729771"
IGA Marché Tellier Sainte Dorothee,NORMAL,MOYENNE,"Timestamp: 2026-06-12T16:48:28Z, Db: 58.499046013584206"
IGA Marché Tellier Sainte Dorothee,BRUYANT,PROCHE,"Timestamp: 2026-06-12T16:48:28Z, Db: 60.487273632646236"
IGA Marché Tellier Sainte Dorothee,NORMAL,MOYENNE,"Timestamp: 2026-06-12T16:48:28Z, Db: 58.76202017226135"
IGA Marché Tellier Sainte Dorothee,NORMAL,MOYENNE,"Timestamp: 2026-06-12T16:48:28Z, Db: 58.263426934699226"
IGA Marché Tellier Sainte Dorothee,NORMAL,MOYENNE,"Timestamp: 2026-06-12T16:48:28Z, Db: 56.87600839584626"
IGA Marché Tellier Sainte Dorothee,NORMAL,MOYENNE,"Timestamp: 2026-06-12T16:48:28Z, Db: 58.98676173692975"
IGA Marché Tellier Sainte Dorothee,NORMAL,MOYENNE,"Timestamp: 2026-06-12T16:48:28Z, Db: 58.624665429485525"
IGA Marché Tellier Sainte Dorothee,BRUYANT,PROCHE,"Timestamp: 2026-06-12T16:48:28Z, Db: 61.41675530741654"
IGA Marché Tellier Sainte Dorothee,NORMAL,MOYENNE,"Timestamp: 2026-06-12T16:48:28Z, Db: 59.08248632753403"
IGA Marché Tellier Sainte Dorothee,NORMAL,MOYENNE,"Timestamp: 2026-06-12T16:48:28Z, Db: 54.86033567299009"
IGA Marché Tellier Sainte Dorothee,NORMAL,MOYENNE,"Timestamp: 2026-06-12T16:48:28Z, Db: 55.156047105004326"
IGA Marché Tellier Sainte Dorothee,NORMAL,MOYENNE,"Timestamp: 2026-06-12T16:48:28Z, Db: 57.65880980649567"
IGA Marché Tellier Sainte Dorothee,CALME,LOIN,"Timestamp: 2026-06-12T16:48:51Z, Db: -41.761034129850884"
IGA Marché Tellier Sainte Dorothee,NORMAL,MOYENNE,"Timestamp: 2026-06-12T16:48:51Z, Db: 50.11813914577709"
IGA Marché Tellier Sainte Dorothee,NORMAL,MOYENNE,"Timestamp: 2026-06-12T16:48:51Z, Db: 58.995059577905245"
IGA Marché Tellier Sainte Dorothee,BRUYANT,PROCHE,"Timestamp: 2026-06-12T16:48:51Z, Db: 60.23007809523787"
IGA Marché Tellier Sainte Dorothee,NORMAL,MOYENNE,"Timestamp: 2026-06-12T16:48:51Z, Db: 58.562528540479654"
IGA Marché Tellier Sainte Dorothee,NORMAL,MOYENNE,"Timestamp: 2026-06-12T16:48:51Z, Db: 57.28270282397176"
IGA Marché Tellier Sainte Dorothee,NORMAL,MOYENNE,"Timestamp: 2026-06-12T16:48:51Z, Db: 59.13122619856425"
IGA Marché Tellier Sainte Dorothee,NORMAL,MOYENNE,"Timestamp: 2026-06-12T16:48:51Z, Db: 57.294306253529925"
IGA Marché Tellier Sainte Dorothee,BRUYANT,PROCHE,"Timestamp: 2026-06-12T16:48:51Z, Db: 60.199076928261796"
IGA Marché Tellier Sainte Dorothee,NORMAL,MOYENNE,"Timestamp: 2026-06-12T16:48:51Z, Db: 56.20747231586442"
IGA Marché Tellier Sainte Dorothee,NORMAL,MOYENNE,"Timestamp: 2026-06-12T16:48:51Z, Db: 58.68239176475918"
IGA Marché Tellier Sainte Dorothee,NORMAL,MOYENNE,"Timestamp: 2026-06-12T16:48:51Z, Db: 56.33147330772533"
IGA Marché Tellier Sainte Dorothee,NORMAL,MOYENNE,"Timestamp: 2026-06-12T16:48:51Z, Db: 58.0237019631788"
IGA Marché Tellier Sainte Dorothee,BRUYANT,PROCHE,"Timestamp: 2026-06-12T16:48:51Z, Db: 60.49128994812339"
IGA Marché Tellier Sainte Dorothee,NORMAL,MOYENNE,"Timestamp: 2026-06-12T16:48:51Z, Db: 59.41697775036605"
IGA Marché Tellier Sainte Dorothee,NORMAL,MOYENNE,"Timestamp: 2026-06-12T16:48:51Z, Db: 56.44010583139058"
IGA Marché Tellier Sainte Dorothee,NORMAL,MOYENNE,"Timestamp: 2026-06-12T16:48:51Z, Db: 57.592041838744386"
IGA Marché Tellier Sainte Dorothee,NORMAL,MOYENNE,"Timestamp: 2026-06-12T16:48:51Z, Db: 59.200505744450595"
IGA Marché Tellier Sainte Dorothee,CALME,LOIN,"Timestamp: 2026-06-12T16:49:16Z, Db: -41.98195712604929"
IGA Marché Tellier Sainte Dorothee,NORMAL,MOYENNE,"Timestamp: 2026-06-12T16:49:16Z, Db: 54.27643582630453"
IGA Marché Tellier Sainte Dorothee,NORMAL,MOYENNE,"Timestamp: 2026-06-12T16:49:16Z, Db: 59.27109718410145"
IGA Marché Tellier Sainte Dorothee,NORMAL,MOYENNE,"Timestamp: 2026-06-12T16:49:16Z, Db: 59.509662118764055"
IGA Marché Tellier Sainte Dorothee,BRUYANT,PROCHE,"Timestamp: 2026-06-12T16:49:16Z, Db: 60.22567349738424"
IGA Marché Tellier Sainte Dorothee,NORMAL,MOYENNE,"Timestamp: 2026-06-12T16:49:16Z, Db: 57.54759307899575"
IGA Marché Tellier Sainte Dorothee,NORMAL,MOYENNE,"Timestamp: 2026-06-12T16:49:16Z, Db: 56.420887916798975"
IGA Marché Tellier Sainte Dorothee,NORMAL,MOYENNE,"Timestamp: 2026-06-12T16:49:16Z, Db: 57.90838108699631"
IGA Marché Tellier Sainte Dorothee,NORMAL,MOYENNE,"Timestamp: 2026-06-12T16:49:16Z, Db: 58.49323865898913"
IGA Marché Tellier Sainte Dorothee,NORMAL,MOYENNE,"Timestamp: 2026-06-12T16:49:16Z, Db: 57.618235344579716"
IGA Marché Tellier Sainte Dorothee,NORMAL,MOYENNE,"Timestamp: 2026-06-12T16:49:16Z, Db: 56.51610240512146"
IGA Marché Tellier Sainte Dorothee,NORMAL,MOYENNE,"Timestamp: 2026-06-12T16:49:16Z, Db: 56.56869151463756"
IGA Marché Tellier Sainte Dorothee,NORMAL,MOYENNE,"Timestamp: 2026-06-12T16:49:16Z, Db: 57.06931875042287"
IGA Marché Tellier Sainte Dorothee,NORMAL,MOYENNE,"Timestamp: 2026-06-12T16:49:16Z, Db: 57.88873179109275"
IGA Marché Tellier Sainte Dorothee,NORMAL,MOYENNE,"Timestamp: 2026-06-12T16:49:16Z, Db: 56.9589125155474"
IGA Marché Tellier Sainte Dorothee,NORMAL,MOYENNE,"Timestamp: 2026-06-12T16:49:16Z, Db: 57.36087743514883"
IGA Marché Tellier Sainte Dorothee,BRUYANT,PROCHE,"Timestamp: 2026-06-12T16:49:16Z, Db: 61.78974209865061"
IGA Marché Tellier Sainte Dorothee,NORMAL,MOYENNE,"Timestamp: 2026-06-12T16:49:16Z, Db: 59.779748357791725"
IGA Marché Tellier Sainte Dorothee,NORMAL,MOYENNE,"Timestamp: 2026-06-12T16:49:40Z, Db: 54.95580015460923"
IGA Marché Tellier Sainte Dorothee,NORMAL,MOYENNE,"Timestamp: 2026-06-12T16:49:40Z, Db: 56.97105300839661"
IGA Marché Tellier Sainte Dorothee,NORMAL,MOYENNE,"Timestamp: 2026-06-12T16:49:40Z, Db: 58.12610361101406"
IGA Marché Tellier Sainte Dorothee,NORMAL,MOYENNE,"Timestamp: 2026-06-12T16:49:40Z, Db: 56.92231989457034"
IGA Marché Tellier Sainte Dorothee,NORMAL,MOYENNE,"Timestamp: 2026-06-12T16:49:40Z, Db: 55.99961726744547"
IGA Marché Tellier Sainte Dorothee,NORMAL,MOYENNE,"Timestamp: 2026-06-12T16:49:40Z, Db: 58.25528861085712"
IGA Marché Tellier Sainte Dorothee,NORMAL,MOYENNE,"Timestamp: 2026-06-12T16:49:40Z, Db: 59.015219077362076"
IGA Marché Tellier Sainte Dorothee,BRUYANT,PROCHE,"Timestamp: 2026-06-12T16:49:40Z, Db: 60.97182102581001"
IGA Marché Tellier Sainte Dorothee,NORMAL,MOYENNE,"Timestamp: 2026-06-12T16:49:40Z, Db: 57.63721898493312"
IGA Marché Tellier Sainte Dorothee,NORMAL,MOYENNE,"Timestamp: 2026-06-12T16:49:40Z, Db: 56.59956654683488"
IGA Marché Tellier Sainte Dorothee,NORMAL,MOYENNE,"Timestamp: 2026-06-12T16:49:40Z, Db: 56.14805562703468"
IGA Marché Tellier Sainte Dorothee,NORMAL,MOYENNE,"Timestamp: 2026-06-12T16:49:40Z, Db: 58.582645373473426"
IGA Marché Tellier Sainte Dorothee,NORMAL,MOYENNE,"Timestamp: 2026-06-12T16:49:40Z, Db: 59.33937885016593"
IGA Marché Tellier Sainte Dorothee,NORMAL,MOYENNE,"Timestamp: 2026-06-12T16:49:40Z, Db: 57.855346594060705"
IGA Marché Tellier Sainte Dorothee,NORMAL,MOYENNE,"Timestamp: 2026-06-12T16:49:40Z, Db: 56.01510363652656"
IGA Marché Tellier Sainte Dorothee,NORMAL,MOYENNE,"Timestamp: 2026-06-12T16:49:40Z, Db: 57.500773965626905"
IGA Marché Tellier Sainte Dorothee,NORMAL,MOYENNE,"Timestamp: 2026-06-12T16:49:40Z, Db: 56.9881871742155"
IGA Marché Tellier Sainte Dorothee,NORMAL,MOYENNE,"Timestamp: 2026-06-12T16:50:04Z, Db: 51.164098610980844"
IGA Marché Tellier Sainte Dorothee,NORMAL,MOYENNE,"Timestamp: 2026-06-12T16:50:04Z, Db: 57.51065473117302"
IGA Marché Tellier Sainte Dorothee,NORMAL,MOYENNE,"Timestamp: 2026-06-12T16:50:04Z, Db: 57.95573859551289"
IGA Marché Tellier Sainte Dorothee,NORMAL,MOYENNE,"Timestamp: 2026-06-12T16:50:04Z, Db: 58.069601924455924"
IGA Marché Tellier Sainte Dorothee,NORMAL,MOYENNE,"Timestamp: 2026-06-12T16:50:04Z, Db: 58.03598575863841"
IGA Marché Tellier Sainte Dorothee,NORMAL,MOYENNE,"Timestamp: 2026-06-12T16:50:04Z, Db: 57.287267068164844"
IGA Marché Tellier Sainte Dorothee,NORMAL,MOYENNE,"Timestamp: 2026-06-12T16:50:04Z, Db: 58.69161661110543"
IGA Marché Tellier Sainte Dorothee,NORMAL,MOYENNE,"Timestamp: 2026-06-12T16:50:04Z, Db: 56.6453935120422"
IGA Marché Tellier Sainte Dorothee,NORMAL,MOYENNE,"Timestamp: 2026-06-12T16:50:04Z, Db: 57.68015100124957"
IGA Marché Tellier Sainte Dorothee,NORMAL,MOYENNE,"Timestamp: 2026-06-12T16:50:04Z, Db: 56.748322825539034"
IGA Marché Tellier Sainte Dorothee,BRUYANT,PROCHE,"Timestamp: 2026-06-12T16:50:04Z, Db: 60.29583649136754"
IGA Marché Tellier Sainte Dorothee,BRUYANT,PROCHE,"Timestamp: 2026-06-12T16:50:04Z, Db: 60.32898530287057"
IGA Marché Tellier Sainte Dorothee,NORMAL,MOYENNE,"Timestamp: 2026-06-12T16:50:04Z, Db: 57.27108695566601"
IGA Marché Tellier Sainte Dorothee,NORMAL,MOYENNE,"Timestamp: 2026-06-12T16:50:04Z, Db: 55.971790298985354"
IGA Marché Tellier Sainte Dorothee,BRUYANT,PROCHE,"Timestamp: 2026-06-12T16:50:04Z, Db: 61.86557411281031"
IGA Marché Tellier Sainte Dorothee,BRUYANT,PROCHE,"Timestamp: 2026-06-12T16:50:04Z, Db: 62.630802387219106"
IGA Marché Tellier Sainte Dorothee,NORMAL,MOYENNE,"Timestamp: 2026-06-12T16:50:04Z, Db: 59.94166597674635"
IGA Marché Tellier Sainte Dorothee,NORMAL,MOYENNE,"Timestamp: 2026-06-12T16:50:04Z, Db: 58.40743256310937"
IGA Marché Tellier Sainte Dorothee,NORMAL,MOYENNE,"Timestamp: 2026-06-12T16:50:30Z, Db: 52.602899468442956"
IGA Marché Tellier Sainte Dorothee,NORMAL,MOYENNE,"Timestamp: 2026-06-12T16:50:30Z, Db: 56.49863357972043"
IGA Marché Tellier Sainte Dorothee,NORMAL,MOYENNE,"Timestamp: 2026-06-12T16:50:30Z, Db: 57.995735060999365"
IGA Marché Tellier Sainte Dorothee,NORMAL,MOYENNE,"Timestamp: 2026-06-12T16:50:30Z, Db: 57.96281781428937"
IGA Marché Tellier Sainte Dorothee,NORMAL,MOYENNE,"Timestamp: 2026-06-12T16:50:30Z, Db: 57.33621398843928"
IGA Marché Tellier Sainte Dorothee,NORMAL,MOYENNE,"Timestamp: 2026-06-12T16:50:30Z, Db: 56.328187552240756"
IGA Marché Tellier Sainte Dorothee,NORMAL,MOYENNE,"Timestamp: 2026-06-12T16:50:30Z, Db: 59.467725061142794"
IGA Marché Tellier Sainte Dorothee,NORMAL,MOYENNE,"Timestamp: 2026-06-12T16:50:30Z, Db: 58.950177341713974"
IGA Marché Tellier Sainte Dorothee,NORMAL,MOYENNE,"Timestamp: 2026-06-12T16:50:30Z, Db: 57.71206238788717"
IGA Marché Tellier Sainte Dorothee,NORMAL,MOYENNE,"Timestamp: 2026-06-12T16:50:30Z, Db: 58.91802456226419"
IGA Marché Tellier Sainte Dorothee,NORMAL,MOYENNE,"Timestamp: 2026-06-12T16:50:30Z, Db: 56.64396220429025"
IGA Marché Tellier Sainte Dorothee,NORMAL,MOYENNE,"Timestamp: 2026-06-12T16:50:30Z, Db: 57.84209669583042"
IGA Marché Tellier Sainte Dorothee,NORMAL,MOYENNE,"Timestamp: 2026-06-12T16:50:30Z, Db: 56.77105179466929"
IGA Marché Tellier Sainte Dorothee,NORMAL,MOYENNE,"Timestamp: 2026-06-12T16:50:30Z, Db: 58.57859867697179"
IGA Marché Tellier Sainte Dorothee,NORMAL,MOYENNE,"Timestamp: 2026-06-12T16:50:30Z, Db: 57.26629611701475"
IGA Marché Tellier Sainte Dorothee,NORMAL,MOYENNE,"Timestamp: 2026-06-12T16:50:30Z, Db: 57.02760847521744"
IGA Marché Tellier Sainte Dorothee,NORMAL,MOYENNE,"Timestamp: 2026-06-12T16:50:30Z, Db: 59.6254769772733"
IGA Marché Tellier Sainte Dorothee,CALME,LOIN,"Timestamp: 2026-06-12T16:50:54Z, Db: -40.36082748613693"
IGA Marché Tellier Sainte Dorothee,NORMAL,MOYENNE,"Timestamp: 2026-06-12T16:50:54Z, Db: 50.803033016222116"
IGA Marché Tellier Sainte Dorothee,NORMAL,MOYENNE,"Timestamp: 2026-06-12T16:50:54Z, Db: 59.13101301378294"
IGA Marché Tellier Sainte Dorothee,NORMAL,MOYENNE,"Timestamp: 2026-06-12T16:50:54Z, Db: 56.101664241529605"
IGA Marché Tellier Sainte Dorothee,NORMAL,MOYENNE,"Timestamp: 2026-06-12T16:50:54Z, Db: 57.86854913269188"
IGA Marché Tellier Sainte Dorothee,NORMAL,MOYENNE,"Timestamp: 2026-06-12T16:50:54Z, Db: 57.85682892634284"
IGA Marché Tellier Sainte Dorothee,NORMAL,MOYENNE,"Timestamp: 2026-06-12T16:50:54Z, Db: 56.687975648153724"
IGA Marché Tellier Sainte Dorothee,NORMAL,MOYENNE,"Timestamp: 2026-06-12T16:50:54Z, Db: 58.073349460224016"
IGA Marché Tellier Sainte Dorothee,NORMAL,MOYENNE,"Timestamp: 2026-06-12T16:50:54Z, Db: 55.108282712830984"
IGA Marché Tellier Sainte Dorothee,NORMAL,MOYENNE,"Timestamp: 2026-06-12T16:50:54Z, Db: 57.218038328095105"
IGA Marché Tellier Sainte Dorothee,NORMAL,MOYENNE,"Timestamp: 2026-06-12T16:50:54Z, Db: 56.76139421638284"
IGA Marché Tellier Sainte Dorothee,NORMAL,MOYENNE,"Timestamp: 2026-06-12T16:50:54Z, Db: 58.373128751076834"
IGA Marché Tellier Sainte Dorothee,NORMAL,MOYENNE,"Timestamp: 2026-06-12T16:50:54Z, Db: 56.48110829082492"
IGA Marché Tellier Sainte Dorothee,NORMAL,MOYENNE,"Timestamp: 2026-06-12T16:50:54Z, Db: 58.292174636018714"
IGA Marché Tellier Sainte Dorothee,NORMAL,MOYENNE,"Timestamp: 2026-06-12T16:50:54Z, Db: 57.26631890776559"
IGA Marché Tellier Sainte Dorothee,NORMAL,MOYENNE,"Timestamp: 2026-06-12T16:50:54Z, Db: 56.19465164253779"
IGA Marché Tellier Sainte Dorothee,NORMAL,MOYENNE,"Timestamp: 2026-06-12T16:50:54Z, Db: 57.88508716265624"
IGA Marché Tellier Sainte Dorothee,NORMAL,MOYENNE,"Timestamp: 2026-06-12T16:50:54Z, Db: 56.784266261929616"
IGA Marché Tellier Sainte Dorothee,NORMAL,MOYENNE,"Timestamp: 2026-06-12T16:51:20Z, Db: 52.18202890844752"
IGA Marché Tellier Sainte Dorothee,NORMAL,MOYENNE,"Timestamp: 2026-06-12T16:51:20Z, Db: 58.74751196577097"
IGA Marché Tellier Sainte Dorothee,NORMAL,MOYENNE,"Timestamp: 2026-06-12T16:51:20Z, Db: 58.3676146343075"
IGA Marché Tellier Sainte Dorothee,NORMAL,MOYENNE,"Timestamp: 2026-06-12T16:51:20Z, Db: 57.01494599912401"
IGA Marché Tellier Sainte Dorothee,NORMAL,MOYENNE,"Timestamp: 2026-06-12T16:51:20Z, Db: 57.73389937358722"
IGA Marché Tellier Sainte Dorothee,NORMAL,MOYENNE,"Timestamp: 2026-06-12T16:51:20Z, Db: 58.114450514610176"
IGA Marché Tellier Sainte Dorothee,NORMAL,MOYENNE,"Timestamp: 2026-06-12T16:51:20Z, Db: 57.01922653876735"
IGA Marché Tellier Sainte Dorothee,NORMAL,MOYENNE,"Timestamp: 2026-06-12T16:51:20Z, Db: 57.08753827143751"
IGA Marché Tellier Sainte Dorothee,NORMAL,MOYENNE,"Timestamp: 2026-06-12T16:51:20Z, Db: 55.10656094027773"
IGA Marché Tellier Sainte Dorothee,NORMAL,MOYENNE,"Timestamp: 2026-06-12T16:51:20Z, Db: 57.45638146795187"
IGA Marché Tellier Sainte Dorothee,BRUYANT,PROCHE,"Timestamp: 2026-06-12T16:51:20Z, Db: 60.73395398058227"
IGA Marché Tellier Sainte Dorothee,NORMAL,MOYENNE,"Timestamp: 2026-06-12T16:51:20Z, Db: 57.95299982215144"
IGA Marché Tellier Sainte Dorothee,NORMAL,MOYENNE,"Timestamp: 2026-06-12T16:51:20Z, Db: 57.99563706910192"
IGA Marché Tellier Sainte Dorothee,NORMAL,MOYENNE,"Timestamp: 2026-06-12T16:51:20Z, Db: 56.34769082415184"
IGA Marché Tellier Sainte Dorothee,NORMAL,MOYENNE,"Timestamp: 2026-06-12T16:51:20Z, Db: 56.16493619828471"
IGA Marché Tellier Sainte Dorothee,NORMAL,MOYENNE,"Timestamp: 2026-06-12T16:51:20Z, Db: 56.92002356982043"
IGA Marché Tellier Sainte Dorothee,NORMAL,MOYENNE,"Timestamp: 2026-06-12T16:51:20Z, Db: 58.66485613247674"
IGA Marché Tellier Sainte Dorothee,NORMAL,MOYENNE,"Timestamp: 2026-06-12T16:51:44Z, Db: 52.13530038107769"
IGA Marché Tellier Sainte Dorothee,NORMAL,MOYENNE,"Timestamp: 2026-06-12T16:51:44Z, Db: 59.97982879569771"
IGA Marché Tellier Sainte Dorothee,NORMAL,MOYENNE,"Timestamp: 2026-06-12T16:51:44Z, Db: 58.12043609136467"
IGA Marché Tellier Sainte Dorothee,BRUYANT,PROCHE,"Timestamp: 2026-06-12T16:51:44Z, Db: 60.03585290188867"
IGA Marché Tellier Sainte Dorothee,NORMAL,MOYENNE,"Timestamp: 2026-06-12T16:51:44Z, Db: 57.22337121757172"
IGA Marché Tellier Sainte Dorothee,NORMAL,MOYENNE,"Timestamp: 2026-06-12T16:51:44Z, Db: 56.635387971085166"
IGA Marché Tellier Sainte Dorothee,NORMAL,MOYENNE,"Timestamp: 2026-06-12T16:51:44Z, Db: 56.625710111831694"
IGA Marché Tellier Sainte Dorothee,NORMAL,MOYENNE,"Timestamp: 2026-06-12T16:51:44Z, Db: 59.07811244506362"
IGA Marché Tellier Sainte Dorothee,NORMAL,MOYENNE,"Timestamp: 2026-06-12T16:51:44Z, Db: 56.79276916561194"
IGA Marché Tellier Sainte Dorothee,NORMAL,MOYENNE,"Timestamp: 2026-06-12T16:51:44Z, Db: 56.69375298074853"
IGA Marché Tellier Sainte Dorothee,NORMAL,MOYENNE,"Timestamp: 2026-06-12T16:51:44Z, Db: 56.63058471659823"
IGA Marché Tellier Sainte Dorothee,NORMAL,MOYENNE,"Timestamp: 2026-06-12T16:51:44Z, Db: 57.07191763272192"
IGA Marché Tellier Sainte Dorothee,BRUYANT,PROCHE,"Timestamp: 2026-06-12T16:51:44Z, Db: 60.11417232812149"
IGA Marché Tellier Sainte Dorothee,NORMAL,MOYENNE,"Timestamp: 2026-06-12T16:51:44Z, Db: 57.86629404409851"
IGA Marché Tellier Sainte Dorothee,NORMAL,MOYENNE,"Timestamp: 2026-06-12T16:51:44Z, Db: 59.374120751272194"
IGA Marché Tellier Sainte Dorothee,NORMAL,MOYENNE,"Timestamp: 2026-06-12T16:51:44Z, Db: 57.00967217987482"
IGA Marché Tellier Sainte Dorothee,NORMAL,MOYENNE,"Timestamp: 2026-06-12T16:51:44Z, Db: 56.270529957610876"
IGA Marché Tellier Sainte Dorothee,NORMAL,MOYENNE,"Timestamp: 2026-06-12T16:52:09Z, Db: 51.30500408309671"
IGA Marché Tellier Sainte Dorothee,NORMAL,MOYENNE,"Timestamp: 2026-06-12T16:52:09Z, Db: 54.57367065436916"
IGA Marché Tellier Sainte Dorothee,NORMAL,MOYENNE,"Timestamp: 2026-06-12T16:52:09Z, Db: 58.800915724319026"
IGA Marché Tellier Sainte Dorothee,NORMAL,MOYENNE,"Timestamp: 2026-06-12T16:52:09Z, Db: 57.36799428675572"
IGA Marché Tellier Sainte Dorothee,NORMAL,MOYENNE,"Timestamp: 2026-06-12T16:52:09Z, Db: 56.498337142505584"
IGA Marché Tellier Sainte Dorothee,NORMAL,MOYENNE,"Timestamp: 2026-06-12T16:52:09Z, Db: 54.93978463653513"
IGA Marché Tellier Sainte Dorothee,NORMAL,MOYENNE,"Timestamp: 2026-06-12T16:52:09Z, Db: 56.24321367176938"
IGA Marché Tellier Sainte Dorothee,NORMAL,MOYENNE,"Timestamp: 2026-06-12T16:52:09Z, Db: 58.14637724608109"
IGA Marché Tellier Sainte Dorothee,NORMAL,MOYENNE,"Timestamp: 2026-06-12T16:52:09Z, Db: 59.96507733296363"
IGA Marché Tellier Sainte Dorothee,NORMAL,MOYENNE,"Timestamp: 2026-06-12T16:52:09Z, Db: 57.42661110781391"
IGA Marché Tellier Sainte Dorothee,NORMAL,MOYENNE,"Timestamp: 2026-06-12T16:52:09Z, Db: 59.88912754259082"
IGA Marché Tellier Sainte Dorothee,NORMAL,MOYENNE,"Timestamp: 2026-06-12T16:52:09Z, Db: 58.52483521093707"
IGA Marché Tellier Sainte Dorothee,NORMAL,MOYENNE,"Timestamp: 2026-06-12T16:52:09Z, Db: 57.049175376810254"
IGA Marché Tellier Sainte Dorothee,NORMAL,MOYENNE,"Timestamp: 2026-06-12T16:52:09Z, Db: 58.18556671614873"
IGA Marché Tellier Sainte Dorothee,NORMAL,MOYENNE,"Timestamp: 2026-06-12T16:52:09Z, Db: 57.48148354955438"
IGA Marché Tellier Sainte Dorothee,NORMAL,MOYENNE,"Timestamp: 2026-06-12T16:52:09Z, Db: 58.825862070323424"
IGA Marché Tellier Sainte Dorothee,CALME,LOIN,"Timestamp: 2026-06-12T16:52:31Z, Db: -42.93423342543832"
IGA Marché Tellier Sainte Dorothee,NORMAL,MOYENNE,"Timestamp: 2026-06-12T16:52:31Z, Db: 55.54222685681681"
IGA Marché Tellier Sainte Dorothee,NORMAL,MOYENNE,"Timestamp: 2026-06-12T16:52:31Z, Db: 59.69821883470976"
IGA Marché Tellier Sainte Dorothee,NORMAL,MOYENNE,"Timestamp: 2026-06-12T16:52:31Z, Db: 58.15960366333571"
IGA Marché Tellier Sainte Dorothee,NORMAL,MOYENNE,"Timestamp: 2026-06-12T16:52:31Z, Db: 57.41297651009337"
IGA Marché Tellier Sainte Dorothee,NORMAL,MOYENNE,"Timestamp: 2026-06-12T16:52:31Z, Db: 56.57171892142916"
IGA Marché Tellier Sainte Dorothee,NORMAL,MOYENNE,"Timestamp: 2026-06-12T16:52:31Z, Db: 57.15840379972803"
IGA Marché Tellier Sainte Dorothee,NORMAL,MOYENNE,"Timestamp: 2026-06-12T16:52:31Z, Db: 54.35427652462217"
IGA Marché Tellier Sainte Dorothee,NORMAL,MOYENNE,"Timestamp: 2026-06-12T16:52:31Z, Db: 59.12808981425836"
IGA Marché Tellier Sainte Dorothee,NORMAL,MOYENNE,"Timestamp: 2026-06-12T16:52:31Z, Db: 58.17855034511751"
IGA Marché Tellier Sainte Dorothee,NORMAL,MOYENNE,"Timestamp: 2026-06-12T16:52:31Z, Db: 58.778453785758494"
IGA Marché Tellier Sainte Dorothee,NORMAL,MOYENNE,"Timestamp: 2026-06-12T16:52:31Z, Db: 58.3861960256976"
IGA Marché Tellier Sainte Dorothee,NORMAL,MOYENNE,"Timestamp: 2026-06-12T16:52:31Z, Db: 56.41182798983148"
IGA Marché Tellier Sainte Dorothee,NORMAL,MOYENNE,"Timestamp: 2026-06-12T16:52:31Z, Db: 55.81914351888397"
IGA Marché Tellier Sainte Dorothee,NORMAL,MOYENNE,"Timestamp: 2026-06-12T16:52:31Z, Db: 57.46244365651461"
IGA Marché Tellier Sainte Dorothee,NORMAL,MOYENNE,"Timestamp: 2026-06-12T16:52:31Z, Db: 57.34730108679332"
IGA Marché Tellier Sainte Dorothee,NORMAL,MOYENNE,"Timestamp: 2026-06-12T16:52:31Z, Db: 59.79201934449325"
IGA Marché Tellier Sainte Dorothee,NORMAL,MOYENNE,"Timestamp: 2026-06-12T16:52:55Z, Db: 54.526168895260916"
IGA Marché Tellier Sainte Dorothee,BRUYANT,PROCHE,"Timestamp: 2026-06-12T16:52:55Z, Db: 60.776617179226974"
IGA Marché Tellier Sainte Dorothee,NORMAL,MOYENNE,"Timestamp: 2026-06-12T16:52:55Z, Db: 57.657756525317005"
IGA Marché Tellier Sainte Dorothee,NORMAL,MOYENNE,"Timestamp: 2026-06-12T16:52:55Z, Db: 57.752665153328955"
IGA Marché Tellier Sainte Dorothee,NORMAL,MOYENNE,"Timestamp: 2026-06-12T16:52:55Z, Db: 59.301799301009446"
IGA Marché Tellier Sainte Dorothee,NORMAL,MOYENNE,"Timestamp: 2026-06-12T16:52:55Z, Db: 57.38503209717451"
IGA Marché Tellier Sainte Dorothee,NORMAL,MOYENNE,"Timestamp: 2026-06-12T16:52:55Z, Db: 58.698870242626704"
IGA Marché Tellier Sainte Dorothee,NORMAL,MOYENNE,"Timestamp: 2026-06-12T16:52:55Z, Db: 57.044225060718844"
IGA Marché Tellier Sainte Dorothee,NORMAL,MOYENNE,"Timestamp: 2026-06-12T16:52:55Z, Db: 57.60546198748207"
IGA Marché Tellier Sainte Dorothee,NORMAL,MOYENNE,"Timestamp: 2026-06-12T16:52:55Z, Db: 57.172186696698205"
IGA Marché Tellier Sainte Dorothee,NORMAL,MOYENNE,"Timestamp: 2026-06-12T16:52:55Z, Db: 59.21409696885506"
IGA Marché Tellier Sainte Dorothee,NORMAL,MOYENNE,"Timestamp: 2026-06-12T16:52:55Z, Db: 59.19875255532357"
IGA Marché Tellier Sainte Dorothee,NORMAL,MOYENNE,"Timestamp: 2026-06-12T16:52:55Z, Db: 59.79049368107246"
IGA Marché Tellier Sainte Dorothee,NORMAL,MOYENNE,"Timestamp: 2026-06-12T16:52:55Z, Db: 56.96353233935093"
IGA Marché Tellier Sainte Dorothee,BRUYANT,PROCHE,"Timestamp: 2026-06-12T16:52:55Z, Db: 60.47533181508557"
IGA Marché Tellier Sainte Dorothee,NORMAL,MOYENNE,"Timestamp: 2026-06-12T16:52:55Z, Db: 58.13906963788611"
IGA Marché Tellier Sainte Dorothee,NORMAL,MOYENNE,"Timestamp: 2026-06-12T16:52:55Z, Db: 56.71408662605089"
IGA Marché Tellier Sainte Dorothee,NORMAL,MOYENNE,"Timestamp: 2026-06-12T16:53:20Z, Db: 54.70854583239472"
IGA Marché Tellier Sainte Dorothee,NORMAL,MOYENNE,"Timestamp: 2026-06-12T16:53:20Z, Db: 58.941816252263465"
IGA Marché Tellier Sainte Dorothee,BRUYANT,PROCHE,"Timestamp: 2026-06-12T16:53:20Z, Db: 61.00395957373958"
IGA Marché Tellier Sainte Dorothee,NORMAL,MOYENNE,"Timestamp: 2026-06-12T16:53:20Z, Db: 58.18112668335645"
IGA Marché Tellier Sainte Dorothee,NORMAL,MOYENNE,"Timestamp: 2026-06-12T16:53:20Z, Db: 57.37618401096895"
IGA Marché Tellier Sainte Dorothee,NORMAL,MOYENNE,"Timestamp: 2026-06-12T16:53:20Z, Db: 56.43674414966881"
IGA Marché Tellier Sainte Dorothee,NORMAL,MOYENNE,"Timestamp: 2026-06-12T16:53:20Z, Db: 58.029536919839444"
IGA Marché Tellier Sainte Dorothee,NORMAL,MOYENNE,"Timestamp: 2026-06-12T16:53:20Z, Db: 59.82686761271815"
IGA Marché Tellier Sainte Dorothee,NORMAL,MOYENNE,"Timestamp: 2026-06-12T16:53:20Z, Db: 58.16964398005537"
IGA Marché Tellier Sainte Dorothee,NORMAL,MOYENNE,"Timestamp: 2026-06-12T16:53:20Z, Db: 58.33821920543534"
IGA Marché Tellier Sainte Dorothee,NORMAL,MOYENNE,"Timestamp: 2026-06-12T16:53:20Z, Db: 57.50223942536821"
IGA Marché Tellier Sainte Dorothee,BRUYANT,PROCHE,"Timestamp: 2026-06-12T16:53:20Z, Db: 60.02854808509661"
IGA Marché Tellier Sainte Dorothee,NORMAL,MOYENNE,"Timestamp: 2026-06-12T16:53:20Z, Db: 58.98912455589442"
IGA Marché Tellier Sainte Dorothee,NORMAL,MOYENNE,"Timestamp: 2026-06-12T16:53:20Z, Db: 59.569400322875055"
IGA Marché Tellier Sainte Dorothee,NORMAL,MOYENNE,"Timestamp: 2026-06-12T16:53:20Z, Db: 59.72816463591097"
IGA Marché Tellier Sainte Dorothee,NORMAL,MOYENNE,"Timestamp: 2026-06-12T16:53:20Z, Db: 56.843232036997065"
IGA Marché Tellier Sainte Dorothee,NORMAL,MOYENNE,"Timestamp: 2026-06-12T16:53:20Z, Db: 58.15362937987221"
IGA Marché Tellier Sainte Dorothee,NORMAL,MOYENNE,"Timestamp: 2026-06-12T16:53:45Z, Db: 55.23298419520226"
IGA Marché Tellier Sainte Dorothee,NORMAL,MOYENNE,"Timestamp: 2026-06-12T16:53:45Z, Db: 59.17245778938388"
IGA Marché Tellier Sainte Dorothee,BRUYANT,PROCHE,"Timestamp: 2026-06-12T16:53:45Z, Db: 61.5787876533479"
IGA Marché Tellier Sainte Dorothee,NORMAL,MOYENNE,"Timestamp: 2026-06-12T16:53:45Z, Db: 58.98807975499168"
IGA Marché Tellier Sainte Dorothee,NORMAL,MOYENNE,"Timestamp: 2026-06-12T16:53:45Z, Db: 57.24904435674733"
IGA Marché Tellier Sainte Dorothee,NORMAL,MOYENNE,"Timestamp: 2026-06-12T16:53:45Z, Db: 58.88208411025272"
IGA Marché Tellier Sainte Dorothee,NORMAL,MOYENNE,"Timestamp: 2026-06-12T16:53:45Z, Db: 57.058273100420735"
IGA Marché Tellier Sainte Dorothee,NORMAL,MOYENNE,"Timestamp: 2026-06-12T16:53:45Z, Db: 59.00128817875816"
IGA Marché Tellier Sainte Dorothee,BRUYANT,PROCHE,"Timestamp: 2026-06-12T16:53:45Z, Db: 60.280757469198704"
IGA Marché Tellier Sainte Dorothee,BRUYANT,PROCHE,"Timestamp: 2026-06-12T16:53:45Z, Db: 63.14863995195132"
IGA Marché Tellier Sainte Dorothee,BRUYANT,PROCHE,"Timestamp: 2026-06-12T16:53:45Z, Db: 60.98971339766608"
IGA Marché Tellier Sainte Dorothee,BRUYANT,PROCHE,"Timestamp: 2026-06-12T16:53:45Z, Db: 61.169899073751985"
IGA Marché Tellier Sainte Dorothee,BRUYANT,PROCHE,"Timestamp: 2026-06-12T16:53:45Z, Db: 62.725183909783475"
IGA Marché Tellier Sainte Dorothee,BRUYANT,PROCHE,"Timestamp: 2026-06-12T16:53:45Z, Db: 60.69930174526614"
IGA Marché Tellier Sainte Dorothee,BRUYANT,PROCHE,"Timestamp: 2026-06-12T16:53:45Z, Db: 61.14644542679349"
IGA Marché Tellier Sainte Dorothee,NORMAL,MOYENNE,"Timestamp: 2026-06-12T16:53:45Z, Db: 59.00118440882635"
IGA Marché Tellier Sainte Dorothee,BRUYANT,PROCHE,"Timestamp: 2026-06-12T16:53:45Z, Db: 62.10503776749963"
IGA Marché Tellier Sainte Dorothee,CALME,LOIN,"Timestamp: 2026-06-12T16:54:09Z, Db: -41.28451781971708"
IGA Marché Tellier Sainte Dorothee,NORMAL,MOYENNE,"Timestamp: 2026-06-12T16:54:09Z, Db: 50.71661207711916"
IGA Marché Tellier Sainte Dorothee,NORMAL,MOYENNE,"Timestamp: 2026-06-12T16:54:09Z, Db: 57.28975121663972"
IGA Marché Tellier Sainte Dorothee,BRUYANT,PROCHE,"Timestamp: 2026-06-12T16:54:09Z, Db: 60.365426765315846"
IGA Marché Tellier Sainte Dorothee,NORMAL,MOYENNE,"Timestamp: 2026-06-12T16:54:09Z, Db: 59.58504869416956"
IGA Marché Tellier Sainte Dorothee,BRUYANT,PROCHE,"Timestamp: 2026-06-12T16:54:09Z, Db: 66.56903330625568"
IGA Marché Tellier Sainte Dorothee,BRUYANT,PROCHE,"Timestamp: 2026-06-12T16:54:09Z, Db: 63.84430958396563"
IGA Marché Tellier Sainte Dorothee,NORMAL,MOYENNE,"Timestamp: 2026-06-12T16:54:09Z, Db: 59.33999802939099"
IGA Marché Tellier Sainte Dorothee,BRUYANT,PROCHE,"Timestamp: 2026-06-12T16:54:09Z, Db: 66.52266163714694"
IGA Marché Tellier Sainte Dorothee,BRUYANT,PROCHE,"Timestamp: 2026-06-12T16:54:09Z, Db: 65.1007412291163"
IGA Marché Tellier Sainte Dorothee,NORMAL,MOYENNE,"Timestamp: 2026-06-12T16:54:09Z, Db: 59.17788792317478"
IGA Marché Tellier Sainte Dorothee,BRUYANT,PROCHE,"Timestamp: 2026-06-12T16:54:09Z, Db: 64.43013197690246"
IGA Marché Tellier Sainte Dorothee,NORMAL,MOYENNE,"Timestamp: 2026-06-12T16:54:09Z, Db: 57.389240213780056"
IGA Marché Tellier Sainte Dorothee,BRUYANT,PROCHE,"Timestamp: 2026-06-12T16:54:09Z, Db: 66.40220515218729"
IGA Marché Tellier Sainte Dorothee,NORMAL,MOYENNE,"Timestamp: 2026-06-12T16:54:09Z, Db: 57.61611308438436"
IGA Marché Tellier Sainte Dorothee,BRUYANT,PROCHE,"Timestamp: 2026-06-12T16:54:09Z, Db: 61.536358471141234"
IGA Marché Tellier Sainte Dorothee,NORMAL,MOYENNE,"Timestamp: 2026-06-12T16:54:09Z, Db: 57.70033248774504"
IGA Marché Tellier Sainte Dorothee,BRUYANT,PROCHE,"Timestamp: 2026-06-12T16:54:09Z, Db: 60.99798078298916"
IGA Marché Tellier Sainte Dorothee,NORMAL,MOYENNE,"Timestamp: 2026-06-12T16:54:34Z, Db: 52.94307632062447"
IGA Marché Tellier Sainte Dorothee,NORMAL,MOYENNE,"Timestamp: 2026-06-12T16:54:34Z, Db: 56.321333338193085"
IGA Marché Tellier Sainte Dorothee,NORMAL,MOYENNE,"Timestamp: 2026-06-12T16:54:34Z, Db: 57.915370230921994"
IGA Marché Tellier Sainte Dorothee,NORMAL,MOYENNE,"Timestamp: 2026-06-12T16:54:34Z, Db: 56.30828177494219"
IGA Marché Tellier Sainte Dorothee,NORMAL,MOYENNE,"Timestamp: 2026-06-12T16:54:34Z, Db: 57.36689897762079"
IGA Marché Tellier Sainte Dorothee,NORMAL,MOYENNE,"Timestamp: 2026-06-12T16:54:34Z, Db: 59.16883751765781"
IGA Marché Tellier Sainte Dorothee,NORMAL,MOYENNE,"Timestamp: 2026-06-12T16:54:34Z, Db: 55.86586963809535"
IGA Marché Tellier Sainte Dorothee,NORMAL,MOYENNE,"Timestamp: 2026-06-12T16:54:34Z, Db: 57.53486545140106"
IGA Marché Tellier Sainte Dorothee,NORMAL,MOYENNE,"Timestamp: 2026-06-12T16:54:34Z, Db: 57.87926552158051"
IGA Marché Tellier Sainte Dorothee,NORMAL,MOYENNE,"Timestamp: 2026-06-12T16:54:34Z, Db: 56.864942104320484"
IGA Marché Tellier Sainte Dorothee,NORMAL,MOYENNE,"Timestamp: 2026-06-12T16:54:34Z, Db: 56.590674538303574"
IGA Marché Tellier Sainte Dorothee,NORMAL,MOYENNE,"Timestamp: 2026-06-12T16:54:34Z, Db: 57.36226857417969"
IGA Marché Tellier Sainte Dorothee,NORMAL,MOYENNE,"Timestamp: 2026-06-12T16:54:34Z, Db: 56.782988123415656"
IGA Marché Tellier Sainte Dorothee,NORMAL,MOYENNE,"Timestamp: 2026-06-12T16:54:34Z, Db: 59.6815630148864"
IGA Marché Tellier Sainte Dorothee,NORMAL,MOYENNE,"Timestamp: 2026-06-12T16:54:34Z, Db: 56.730850940230724"
IGA Marché Tellier Sainte Dorothee,NORMAL,MOYENNE,"Timestamp: 2026-06-12T16:54:34Z, Db: 58.247606583414395"
IGA Marché Tellier Sainte Dorothee,NORMAL,MOYENNE,"Timestamp: 2026-06-12T16:54:34Z, Db: 59.154308862011284"
IGA Marché Tellier Sainte Dorothee,CALME,LOIN,"Timestamp: 2026-06-12T16:54:59Z, Db: -37.798314715295916"
IGA Marché Tellier Sainte Dorothee,NORMAL,MOYENNE,"Timestamp: 2026-06-12T16:54:59Z, Db: 52.82326827037078"
IGA Marché Tellier Sainte Dorothee,NORMAL,MOYENNE,"Timestamp: 2026-06-12T16:54:59Z, Db: 56.61420368147341"
IGA Marché Tellier Sainte Dorothee,NORMAL,MOYENNE,"Timestamp: 2026-06-12T16:54:59Z, Db: 56.899464018809375"
IGA Marché Tellier Sainte Dorothee,NORMAL,MOYENNE,"Timestamp: 2026-06-12T16:54:59Z, Db: 56.38391807830402"
IGA Marché Tellier Sainte Dorothee,NORMAL,MOYENNE,"Timestamp: 2026-06-12T16:54:59Z, Db: 58.47113289936189"
IGA Marché Tellier Sainte Dorothee,NORMAL,MOYENNE,"Timestamp: 2026-06-12T16:54:59Z, Db: 58.95494299122266"
IGA Marché Tellier Sainte Dorothee,NORMAL,MOYENNE,"Timestamp: 2026-06-12T16:54:59Z, Db: 56.67256073767107"
IGA Marché Tellier Sainte Dorothee,NORMAL,MOYENNE,"Timestamp: 2026-06-12T16:54:59Z, Db: 59.361231058236896"
IGA Marché Tellier Sainte Dorothee,NORMAL,MOYENNE,"Timestamp: 2026-06-12T16:54:59Z, Db: 57.346099995907906"
IGA Marché Tellier Sainte Dorothee,NORMAL,MOYENNE,"Timestamp: 2026-06-12T16:54:59Z, Db: 57.82957912461589"
IGA Marché Tellier Sainte Dorothee,NORMAL,MOYENNE,"Timestamp: 2026-06-12T16:54:59Z, Db: 56.524388661552045"
IGA Marché Tellier Sainte Dorothee,NORMAL,MOYENNE,"Timestamp: 2026-06-12T16:54:59Z, Db: 57.23797479885253"
IGA Marché Tellier Sainte Dorothee,NORMAL,MOYENNE,"Timestamp: 2026-06-12T16:54:59Z, Db: 55.983647718982354"
IGA Marché Tellier Sainte Dorothee,NORMAL,MOYENNE,"Timestamp: 2026-06-12T16:54:59Z, Db: 57.12092284894565"
IGA Marché Tellier Sainte Dorothee,NORMAL,MOYENNE,"Timestamp: 2026-06-12T16:54:59Z, Db: 56.85539864669327"
IGA Marché Tellier Sainte Dorothee,NORMAL,MOYENNE,"Timestamp: 2026-06-12T16:54:59Z, Db: 56.87922620335478"
IGA Marché Tellier Sainte Dorothee,NORMAL,MOYENNE,"Timestamp: 2026-06-12T16:54:59Z, Db: 58.26268089150956"
IGA Marché Tellier Sainte Dorothee,CALME,LOIN,"Timestamp: 2026-06-12T16:55:23Z, Db: -40.38953542774921"
IGA Marché Tellier Sainte Dorothee,NORMAL,MOYENNE,"Timestamp: 2026-06-12T16:55:23Z, Db: 55.39735811817365"
IGA Marché Tellier Sainte Dorothee,BRUYANT,PROCHE,"Timestamp: 2026-06-12T16:55:23Z, Db: 61.46824098417292"
IGA Marché Tellier Sainte Dorothee,NORMAL,MOYENNE,"Timestamp: 2026-06-12T16:55:23Z, Db: 59.35534376043408"
IGA Marché Tellier Sainte Dorothee,NORMAL,MOYENNE,"Timestamp: 2026-06-12T16:55:23Z, Db: 56.98253324081583"
IGA Marché Tellier Sainte Dorothee,NORMAL,MOYENNE,"Timestamp: 2026-06-12T16:55:23Z, Db: 57.11400126554462"
IGA Marché Tellier Sainte Dorothee,NORMAL,MOYENNE,"Timestamp: 2026-06-12T16:55:23Z, Db: 57.74633687892772"
IGA Marché Tellier Sainte Dorothee,NORMAL,MOYENNE,"Timestamp: 2026-06-12T16:55:23Z, Db: 57.65020431945204"
IGA Marché Tellier Sainte Dorothee,NORMAL,MOYENNE,"Timestamp: 2026-06-12T16:55:23Z, Db: 58.38337766734064"
IGA Marché Tellier Sainte Dorothee,NORMAL,MOYENNE,"Timestamp: 2026-06-12T16:55:23Z, Db: 58.23120962989545"
IGA Marché Tellier Sainte Dorothee,BRUYANT,PROCHE,"Timestamp: 2026-06-12T16:55:23Z, Db: 60.66757772433784"
IGA Marché Tellier Sainte Dorothee,NORMAL,MOYENNE,"Timestamp: 2026-06-12T16:55:23Z, Db: 58.87342362578633"
IGA Marché Tellier Sainte Dorothee,NORMAL,MOYENNE,"Timestamp: 2026-06-12T16:55:23Z, Db: 57.829335845677676"
IGA Marché Tellier Sainte Dorothee,NORMAL,MOYENNE,"Timestamp: 2026-06-12T16:55:23Z, Db: 58.174085736718844"
IGA Marché Tellier Sainte Dorothee,NORMAL,MOYENNE,"Timestamp: 2026-06-12T16:55:23Z, Db: 57.46099884549113"
IGA Marché Tellier Sainte Dorothee,NORMAL,MOYENNE,"Timestamp: 2026-06-12T16:55:23Z, Db: 57.65606813454548"
IGA Marché Tellier Sainte Dorothee,BRUYANT,PROCHE,"Timestamp: 2026-06-12T16:55:23Z, Db: 60.54580507120647"
IGA Marché Tellier Sainte Dorothee,BRUYANT,PROCHE,"Timestamp: 2026-06-12T16:55:23Z, Db: 60.71207217094867"
IGA Marché Tellier Sainte Dorothee,CALME,LOIN,"Timestamp: 2026-06-12T16:55:47Z, Db: -42.89722555807475"
IGA Marché Tellier Sainte Dorothee,NORMAL,MOYENNE,"Timestamp: 2026-06-12T16:55:47Z, Db: 58.259945190927446"
IGA Marché Tellier Sainte Dorothee,NORMAL,MOYENNE,"Timestamp: 2026-06-12T16:55:47Z, Db: 57.87169432334753"
IGA Marché Tellier Sainte Dorothee,NORMAL,MOYENNE,"Timestamp: 2026-06-12T16:55:47Z, Db: 58.48738667913221"
IGA Marché Tellier Sainte Dorothee,NORMAL,MOYENNE,"Timestamp: 2026-06-12T16:55:47Z, Db: 58.57686075547743"
IGA Marché Tellier Sainte Dorothee,NORMAL,MOYENNE,"Timestamp: 2026-06-12T16:55:47Z, Db: 57.31361473214819"
IGA Marché Tellier Sainte Dorothee,NORMAL,MOYENNE,"Timestamp: 2026-06-12T16:55:47Z, Db: 56.4971338563778"
IGA Marché Tellier Sainte Dorothee,NORMAL,MOYENNE,"Timestamp: 2026-06-12T16:55:47Z, Db: 57.664451137856645"
IGA Marché Tellier Sainte Dorothee,NORMAL,MOYENNE,"Timestamp: 2026-06-12T16:55:47Z, Db: 58.63104634775212"
IGA Marché Tellier Sainte Dorothee,NORMAL,MOYENNE,"Timestamp: 2026-06-12T16:55:47Z, Db: 59.7079935311444"
IGA Marché Tellier Sainte Dorothee,BRUYANT,PROCHE,"Timestamp: 2026-06-12T16:55:47Z, Db: 61.73064999953179"
IGA Marché Tellier Sainte Dorothee,NORMAL,MOYENNE,"Timestamp: 2026-06-12T16:55:47Z, Db: 59.45097022563366"
IGA Marché Tellier Sainte Dorothee,BRUYANT,PROCHE,"Timestamp: 2026-06-12T16:55:47Z, Db: 63.81812543334404"
IGA Marché Tellier Sainte Dorothee,BRUYANT,PROCHE,"Timestamp: 2026-06-12T16:55:47Z, Db: 61.78491419563244"
IGA Marché Tellier Sainte Dorothee,NORMAL,MOYENNE,"Timestamp: 2026-06-12T16:55:47Z, Db: 59.31831425089531"
IGA Marché Tellier Sainte Dorothee,NORMAL,MOYENNE,"Timestamp: 2026-06-12T16:55:47Z, Db: 58.50233059528367"
IGA Marché Tellier Sainte Dorothee,NORMAL,MOYENNE,"Timestamp: 2026-06-12T16:55:47Z, Db: 58.02942563493083"
IGA Marché Tellier Sainte Dorothee,NORMAL,MOYENNE,"Timestamp: 2026-06-12T16:55:47Z, Db: 57.57339701227799"
IGA Marché Tellier Sainte Dorothee,NORMAL,MOYENNE,"Timestamp: 2026-06-12T16:56:13Z, Db: 49.5145021098572"
IGA Marché Tellier Sainte Dorothee,NORMAL,MOYENNE,"Timestamp: 2026-06-12T16:56:13Z, Db: 57.162912180521054"
IGA Marché Tellier Sainte Dorothee,NORMAL,MOYENNE,"Timestamp: 2026-06-12T16:56:13Z, Db: 57.960477557454276"
IGA Marché Tellier Sainte Dorothee,NORMAL,MOYENNE,"Timestamp: 2026-06-12T16:56:13Z, Db: 57.94028708807368"
IGA Marché Tellier Sainte Dorothee,NORMAL,MOYENNE,"Timestamp: 2026-06-12T16:56:13Z, Db: 58.81231981153156"
IGA Marché Tellier Sainte Dorothee,NORMAL,MOYENNE,"Timestamp: 2026-06-12T16:56:13Z, Db: 56.739807847791546"
IGA Marché Tellier Sainte Dorothee,NORMAL,MOYENNE,"Timestamp: 2026-06-12T16:56:13Z, Db: 58.3862848169549"
IGA Marché Tellier Sainte Dorothee,NORMAL,MOYENNE,"Timestamp: 2026-06-12T16:56:13Z, Db: 58.97143893312805"
IGA Marché Tellier Sainte Dorothee,BRUYANT,PROCHE,"Timestamp: 2026-06-12T16:56:13Z, Db: 60.312122710203404"
IGA Marché Tellier Sainte Dorothee,NORMAL,MOYENNE,"Timestamp: 2026-06-12T16:56:13Z, Db: 57.45480093311698"
IGA Marché Tellier Sainte Dorothee,NORMAL,MOYENNE,"Timestamp: 2026-06-12T16:56:13Z, Db: 56.960128608894465"
IGA Marché Tellier Sainte Dorothee,NORMAL,MOYENNE,"Timestamp: 2026-06-12T16:56:13Z, Db: 58.12356529252871"
IGA Marché Tellier Sainte Dorothee,NORMAL,MOYENNE,"Timestamp: 2026-06-12T16:56:13Z, Db: 57.60861653763474"
IGA Marché Tellier Sainte Dorothee,BRUYANT,PROCHE,"Timestamp: 2026-06-12T16:56:13Z, Db: 61.6087893599018"
IGA Marché Tellier Sainte Dorothee,NORMAL,MOYENNE,"Timestamp: 2026-06-12T16:56:13Z, Db: 58.22861546058145"
IGA Marché Tellier Sainte Dorothee,NORMAL,MOYENNE,"Timestamp: 2026-06-12T16:56:13Z, Db: 58.6614296425286"
IGA Marché Tellier Sainte Dorothee,NORMAL,MOYENNE,"Timestamp: 2026-06-12T16:56:13Z, Db: 59.696263047447154"
IGA Marché Tellier Sainte Dorothee,NORMAL,MOYENNE,"Timestamp: 2026-06-12T16:56:13Z, Db: 58.915081273605516"
IGA Marché Tellier Sainte Dorothee,NORMAL,MOYENNE,"Timestamp: 2026-06-12T16:56:37Z, Db: 52.670605756077585"
IGA Marché Tellier Sainte Dorothee,NORMAL,MOYENNE,"Timestamp: 2026-06-12T16:56:37Z, Db: 58.92499565725208"
IGA Marché Tellier Sainte Dorothee,BRUYANT,PROCHE,"Timestamp: 2026-06-12T16:56:37Z, Db: 60.1051975611247"
IGA Marché Tellier Sainte Dorothee,NORMAL,MOYENNE,"Timestamp: 2026-06-12T16:56:37Z, Db: 59.98872396035935"
IGA Marché Tellier Sainte Dorothee,NORMAL,MOYENNE,"Timestamp: 2026-06-12T16:56:37Z, Db: 57.50992066842553"
IGA Marché Tellier Sainte Dorothee,NORMAL,MOYENNE,"Timestamp: 2026-06-12T16:56:37Z, Db: 56.16150218069257"
IGA Marché Tellier Sainte Dorothee,NORMAL,MOYENNE,"Timestamp: 2026-06-12T16:56:37Z, Db: 55.79716145100435"
IGA Marché Tellier Sainte Dorothee,NORMAL,MOYENNE,"Timestamp: 2026-06-12T16:56:37Z, Db: 58.272433545098075"
IGA Marché Tellier Sainte Dorothee,NORMAL,MOYENNE,"Timestamp: 2026-06-12T16:56:37Z, Db: 56.89671772494583"
IGA Marché Tellier Sainte Dorothee,NORMAL,MOYENNE,"Timestamp: 2026-06-12T16:56:37Z, Db: 56.7902966259825"
IGA Marché Tellier Sainte Dorothee,NORMAL,MOYENNE,"Timestamp: 2026-06-12T16:56:37Z, Db: 55.860769936760455"
IGA Marché Tellier Sainte Dorothee,NORMAL,MOYENNE,"Timestamp: 2026-06-12T16:56:37Z, Db: 56.347402484988294"
IGA Marché Tellier Sainte Dorothee,BRUYANT,PROCHE,"Timestamp: 2026-06-12T16:56:37Z, Db: 60.1616957496423"
IGA Marché Tellier Sainte Dorothee,NORMAL,MOYENNE,"Timestamp: 2026-06-12T16:56:37Z, Db: 58.45851240528483"
IGA Marché Tellier Sainte Dorothee,NORMAL,MOYENNE,"Timestamp: 2026-06-12T16:56:37Z, Db: 57.40612419197106"
IGA Marché Tellier Sainte Dorothee,NORMAL,MOYENNE,"Timestamp: 2026-06-12T16:56:37Z, Db: 57.65229705337765"
IGA Marché Tellier Sainte Dorothee,NORMAL,MOYENNE,"Timestamp: 2026-06-12T16:56:37Z, Db: 57.21309846963589"
IGA Marché Tellier Sainte Dorothee,NORMAL,MOYENNE,"Timestamp: 2026-06-12T16:57:01Z, Db: 53.95473696962554"
IGA Marché Tellier Sainte Dorothee,NORMAL,MOYENNE,"Timestamp: 2026-06-12T16:57:01Z, Db: 58.439632747913606"
IGA Marché Tellier Sainte Dorothee,NORMAL,MOYENNE,"Timestamp: 2026-06-12T16:57:01Z, Db: 56.46987505941806"
IGA Marché Tellier Sainte Dorothee,NORMAL,MOYENNE,"Timestamp: 2026-06-12T16:57:01Z, Db: 55.6818566953632"
IGA Marché Tellier Sainte Dorothee,NORMAL,MOYENNE,"Timestamp: 2026-06-12T16:57:01Z, Db: 57.60794261687949"
IGA Marché Tellier Sainte Dorothee,NORMAL,MOYENNE,"Timestamp: 2026-06-12T16:57:01Z, Db: 57.76343128201255"
IGA Marché Tellier Sainte Dorothee,NORMAL,MOYENNE,"Timestamp: 2026-06-12T16:57:01Z, Db: 57.20716553417393"
IGA Marché Tellier Sainte Dorothee,NORMAL,MOYENNE,"Timestamp: 2026-06-12T16:57:01Z, Db: 56.9684339142664"
IGA Marché Tellier Sainte Dorothee,NORMAL,MOYENNE,"Timestamp: 2026-06-12T16:57:01Z, Db: 56.14764708242437"
IGA Marché Tellier Sainte Dorothee,NORMAL,MOYENNE,"Timestamp: 2026-06-12T16:57:01Z, Db: 58.47301957363568"
IGA Marché Tellier Sainte Dorothee,NORMAL,MOYENNE,"Timestamp: 2026-06-12T16:57:01Z, Db: 58.37011123033228"
IGA Marché Tellier Sainte Dorothee,NORMAL,MOYENNE,"Timestamp: 2026-06-12T16:57:01Z, Db: 57.9449847861916"
IGA Marché Tellier Sainte Dorothee,NORMAL,MOYENNE,"Timestamp: 2026-06-12T16:57:01Z, Db: 57.48744864700229"
IGA Marché Tellier Sainte Dorothee,NORMAL,MOYENNE,"Timestamp: 2026-06-12T16:57:01Z, Db: 58.68348128170059"
IGA Marché Tellier Sainte Dorothee,NORMAL,MOYENNE,"Timestamp: 2026-06-12T16:57:01Z, Db: 58.09641283700961"
IGA Marché Tellier Sainte Dorothee,NORMAL,MOYENNE,"Timestamp: 2026-06-12T16:57:01Z, Db: 58.36112732680245"
IGA Marché Tellier Sainte Dorothee,NORMAL,MOYENNE,"Timestamp: 2026-06-12T16:57:01Z, Db: 57.75207016869213"
IGA Marché Tellier Sainte Dorothee,NORMAL,MOYENNE,"Timestamp: 2026-06-12T16:57:25Z, Db: 54.27369357436299"
IGA Marché Tellier Sainte Dorothee,BRUYANT,PROCHE,"Timestamp: 2026-06-12T16:57:25Z, Db: 62.109923958897454"
IGA Marché Tellier Sainte Dorothee,NORMAL,MOYENNE,"Timestamp: 2026-06-12T16:57:25Z, Db: 59.95950061027373"
IGA Marché Tellier Sainte Dorothee,BRUYANT,PROCHE,"Timestamp: 2026-06-12T16:57:25Z, Db: 60.04808496453793"
IGA Marché Tellier Sainte Dorothee,BRUYANT,PROCHE,"Timestamp: 2026-06-12T16:57:25Z, Db: 60.024714927462746"
IGA Marché Tellier Sainte Dorothee,NORMAL,MOYENNE,"Timestamp: 2026-06-12T16:57:25Z, Db: 58.28563860295421"
IGA Marché Tellier Sainte Dorothee,NORMAL,MOYENNE,"Timestamp: 2026-06-12T16:57:25Z, Db: 56.825496905842236"
IGA Marché Tellier Sainte Dorothee,NORMAL,MOYENNE,"Timestamp: 2026-06-12T16:57:25Z, Db: 59.300856623484606"
IGA Marché Tellier Sainte Dorothee,NORMAL,MOYENNE,"Timestamp: 2026-06-12T16:57:25Z, Db: 58.92446842425454"
IGA Marché Tellier Sainte Dorothee,NORMAL,MOYENNE,"Timestamp: 2026-06-12T16:57:25Z, Db: 58.21033607335955"
IGA Marché Tellier Sainte Dorothee,NORMAL,MOYENNE,"Timestamp: 2026-06-12T16:57:25Z, Db: 58.490854153377256"
IGA Marché Tellier Sainte Dorothee,NORMAL,MOYENNE,"Timestamp: 2026-06-12T16:57:25Z, Db: 59.90850395680917"
IGA Marché Tellier Sainte Dorothee,NORMAL,MOYENNE,"Timestamp: 2026-06-12T16:57:25Z, Db: 59.99109678325114"
IGA Marché Tellier Sainte Dorothee,NORMAL,MOYENNE,"Timestamp: 2026-06-12T16:57:25Z, Db: 59.350559142739385"
IGA Marché Tellier Sainte Dorothee,BRUYANT,PROCHE,"Timestamp: 2026-06-12T16:57:25Z, Db: 60.65610255493739"
IGA Marché Tellier Sainte Dorothee,NORMAL,MOYENNE,"Timestamp: 2026-06-12T16:57:25Z, Db: 59.62047900375321"
IGA Marché Tellier Sainte Dorothee,NORMAL,MOYENNE,"Timestamp: 2026-06-12T16:57:25Z, Db: 56.73610740577718"
IGA Marché Tellier Sainte Dorothee,NORMAL,MOYENNE,"Timestamp: 2026-06-12T16:57:49Z, Db: 53.048784265042634"
IGA Marché Tellier Sainte Dorothee,NORMAL,MOYENNE,"Timestamp: 2026-06-12T16:57:49Z, Db: 56.83458803808742"
IGA Marché Tellier Sainte Dorothee,NORMAL,MOYENNE,"Timestamp: 2026-06-12T16:57:49Z, Db: 55.2387287675797"
IGA Marché Tellier Sainte Dorothee,NORMAL,MOYENNE,"Timestamp: 2026-06-12T16:57:49Z, Db: 57.8503191402396"
IGA Marché Tellier Sainte Dorothee,NORMAL,MOYENNE,"Timestamp: 2026-06-12T16:57:49Z, Db: 59.15361966394122"
IGA Marché Tellier Sainte Dorothee,NORMAL,MOYENNE,"Timestamp: 2026-06-12T16:57:49Z, Db: 56.95698251426657"
IGA Marché Tellier Sainte Dorothee,NORMAL,MOYENNE,"Timestamp: 2026-06-12T16:57:49Z, Db: 57.56289930484523"
IGA Marché Tellier Sainte Dorothee,NORMAL,MOYENNE,"Timestamp: 2026-06-12T16:57:49Z, Db: 57.546648125934595"
IGA Marché Tellier Sainte Dorothee,NORMAL,MOYENNE,"Timestamp: 2026-06-12T16:57:49Z, Db: 55.44129177483158"
IGA Marché Tellier Sainte Dorothee,NORMAL,MOYENNE,"Timestamp: 2026-06-12T16:57:49Z, Db: 57.63313705322212"
IGA Marché Tellier Sainte Dorothee,NORMAL,MOYENNE,"Timestamp: 2026-06-12T16:57:49Z, Db: 57.33739010539377"
IGA Marché Tellier Sainte Dorothee,NORMAL,MOYENNE,"Timestamp: 2026-06-12T16:57:49Z, Db: 56.19254475159501"
IGA Marché Tellier Sainte Dorothee,NORMAL,MOYENNE,"Timestamp: 2026-06-12T16:57:49Z, Db: 57.756970034008"
IGA Marché Tellier Sainte Dorothee,NORMAL,MOYENNE,"Timestamp: 2026-06-12T16:57:49Z, Db: 55.62849880008385"
IGA Marché Tellier Sainte Dorothee,NORMAL,MOYENNE,"Timestamp: 2026-06-12T16:57:49Z, Db: 57.148957093525716"
IGA Marché Tellier Sainte Dorothee,NORMAL,MOYENNE,"Timestamp: 2026-06-12T16:57:49Z, Db: 58.828812446309286"
IGA Marché Tellier Sainte Dorothee,NORMAL,MOYENNE,"Timestamp: 2026-06-12T16:57:49Z, Db: 59.683076368208475"
IGA Marché Tellier Sainte Dorothee,NORMAL,MOYENNE,"Timestamp: 2026-06-12T16:58:13Z, Db: 55.196279796285346"
IGA Marché Tellier Sainte Dorothee,NORMAL,MOYENNE,"Timestamp: 2026-06-12T16:58:13Z, Db: 57.31413027660225"
IGA Marché Tellier Sainte Dorothee,NORMAL,MOYENNE,"Timestamp: 2026-06-12T16:58:13Z, Db: 58.90769506677377"
IGA Marché Tellier Sainte Dorothee,NORMAL,MOYENNE,"Timestamp: 2026-06-12T16:58:13Z, Db: 59.357150670342264"
IGA Marché Tellier Sainte Dorothee,NORMAL,MOYENNE,"Timestamp: 2026-06-12T16:58:13Z, Db: 59.345667361936094"
IGA Marché Tellier Sainte Dorothee,BRUYANT,PROCHE,"Timestamp: 2026-06-12T16:58:13Z, Db: 60.41113663685445"
IGA Marché Tellier Sainte Dorothee,BRUYANT,PROCHE,"Timestamp: 2026-06-12T16:58:13Z, Db: 60.26509422265984"
IGA Marché Tellier Sainte Dorothee,BRUYANT,PROCHE,"Timestamp: 2026-06-12T16:58:13Z, Db: 62.669141983311924"
IGA Marché Tellier Sainte Dorothee,BRUYANT,PROCHE,"Timestamp: 2026-06-12T16:58:13Z, Db: 60.096196367869396"
IGA Marché Tellier Sainte Dorothee,NORMAL,MOYENNE,"Timestamp: 2026-06-12T16:58:13Z, Db: 59.06155818852031"
IGA Marché Tellier Sainte Dorothee,NORMAL,MOYENNE,"Timestamp: 2026-06-12T16:58:13Z, Db: 57.39748798031143"
IGA Marché Tellier Sainte Dorothee,NORMAL,MOYENNE,"Timestamp: 2026-06-12T16:58:13Z, Db: 58.92338005619826"
IGA Marché Tellier Sainte Dorothee,NORMAL,MOYENNE,"Timestamp: 2026-06-12T16:58:13Z, Db: 55.456576357621316"
IGA Marché Tellier Sainte Dorothee,NORMAL,MOYENNE,"Timestamp: 2026-06-12T16:58:13Z, Db: 57.17247170237934"
IGA Marché Tellier Sainte Dorothee,NORMAL,MOYENNE,"Timestamp: 2026-06-12T16:58:13Z, Db: 57.157936237589304"
IGA Marché Tellier Sainte Dorothee,NORMAL,MOYENNE,"Timestamp: 2026-06-12T16:58:13Z, Db: 58.590715352105676"
IGA Marché Tellier Sainte Dorothee,NORMAL,MOYENNE,"Timestamp: 2026-06-12T16:58:13Z, Db: 58.725504098829894"
IGA Marché Tellier Sainte Dorothee,NORMAL,MOYENNE,"Timestamp: 2026-06-12T16:58:36Z, Db: 51.95923324889325"
IGA Marché Tellier Sainte Dorothee,NORMAL,MOYENNE,"Timestamp: 2026-06-12T16:58:36Z, Db: 57.77939758741586"
IGA Marché Tellier Sainte Dorothee,NORMAL,MOYENNE,"Timestamp: 2026-06-12T16:58:36Z, Db: 57.38883979334386"
IGA Marché Tellier Sainte Dorothee,NORMAL,MOYENNE,"Timestamp: 2026-06-12T16:58:36Z, Db: 56.99965006024453"
IGA Marché Tellier Sainte Dorothee,NORMAL,MOYENNE,"Timestamp: 2026-06-12T16:58:36Z, Db: 57.76313637467224"
IGA Marché Tellier Sainte Dorothee,NORMAL,MOYENNE,"Timestamp: 2026-06-12T16:58:36Z, Db: 55.36895846818881"
IGA Marché Tellier Sainte Dorothee,NORMAL,MOYENNE,"Timestamp: 2026-06-12T16:58:36Z, Db: 56.492473392185516"
IGA Marché Tellier Sainte Dorothee,NORMAL,MOYENNE,"Timestamp: 2026-06-12T16:58:36Z, Db: 56.59663548596623"
IGA Marché Tellier Sainte Dorothee,NORMAL,MOYENNE,"Timestamp: 2026-06-12T16:58:36Z, Db: 57.880256565750585"
IGA Marché Tellier Sainte Dorothee,NORMAL,MOYENNE,"Timestamp: 2026-06-12T16:58:36Z, Db: 55.406445181186385"
IGA Marché Tellier Sainte Dorothee,NORMAL,MOYENNE,"Timestamp: 2026-06-12T16:58:36Z, Db: 56.983453225322506"
IGA Marché Tellier Sainte Dorothee,NORMAL,MOYENNE,"Timestamp: 2026-06-12T16:58:36Z, Db: 56.585905352495885"
IGA Marché Tellier Sainte Dorothee,NORMAL,MOYENNE,"Timestamp: 2026-06-12T16:58:36Z, Db: 56.682326791973594"
IGA Marché Tellier Sainte Dorothee,NORMAL,MOYENNE,"Timestamp: 2026-06-12T16:58:36Z, Db: 58.54711331743114"
IGA Marché Tellier Sainte Dorothee,NORMAL,MOYENNE,"Timestamp: 2026-06-12T16:58:36Z, Db: 59.1261362650407"
IGA Marché Tellier Sainte Dorothee,NORMAL,MOYENNE,"Timestamp: 2026-06-12T16:58:36Z, Db: 59.15341913694397"
IGA Marché Tellier Sainte Dorothee,NORMAL,MOYENNE,"Timestamp: 2026-06-12T16:58:36Z, Db: 58.04718096943578"
IGA Marché Tellier Sainte Dorothee,NORMAL,MOYENNE,"Timestamp: 2026-06-12T16:59:00Z, Db: 52.301167830057366"
IGA Marché Tellier Sainte Dorothee,NORMAL,MOYENNE,"Timestamp: 2026-06-12T16:59:00Z, Db: 58.71248886130782"
IGA Marché Tellier Sainte Dorothee,NORMAL,MOYENNE,"Timestamp: 2026-06-12T16:59:00Z, Db: 59.8064144651772"
IGA Marché Tellier Sainte Dorothee,BRUYANT,PROCHE,"Timestamp: 2026-06-12T16:59:00Z, Db: 62.11196491427686"
IGA Marché Tellier Sainte Dorothee,BRUYANT,PROCHE,"Timestamp: 2026-06-12T16:59:00Z, Db: 61.333916761584504"
IGA Marché Tellier Sainte Dorothee,BRUYANT,PROCHE,"Timestamp: 2026-06-12T16:59:00Z, Db: 60.56119124536247"
IGA Marché Tellier Sainte Dorothee,NORMAL,MOYENNE,"Timestamp: 2026-06-12T16:59:00Z, Db: 58.87290589772947"
IGA Marché Tellier Sainte Dorothee,NORMAL,MOYENNE,"Timestamp: 2026-06-12T16:59:00Z, Db: 58.94833592544742"
IGA Marché Tellier Sainte Dorothee,NORMAL,MOYENNE,"Timestamp: 2026-06-12T16:59:00Z, Db: 57.858863140805354"
IGA Marché Tellier Sainte Dorothee,NORMAL,MOYENNE,"Timestamp: 2026-06-12T16:59:00Z, Db: 58.35466460060255"
IGA Marché Tellier Sainte Dorothee,NORMAL,MOYENNE,"Timestamp: 2026-06-12T16:59:00Z, Db: 58.08781533245053"
IGA Marché Tellier Sainte Dorothee,NORMAL,MOYENNE,"Timestamp: 2026-06-12T16:59:00Z, Db: 58.46605212689522"
IGA Marché Tellier Sainte Dorothee,BRUYANT,PROCHE,"Timestamp: 2026-06-12T16:59:00Z, Db: 60.02935042034971"
IGA Marché Tellier Sainte Dorothee,NORMAL,MOYENNE,"Timestamp: 2026-06-12T16:59:00Z, Db: 59.853052714195854"
IGA Marché Tellier Sainte Dorothee,BRUYANT,PROCHE,"Timestamp: 2026-06-12T16:59:00Z, Db: 62.75784759952418"
IGA Marché Tellier Sainte Dorothee,BRUYANT,PROCHE,"Timestamp: 2026-06-12T16:59:00Z, Db: 65.2634103382482"
IGA Marché Tellier Sainte Dorothee,CALME,LOIN,"Timestamp: 2026-06-12T16:59:22Z, Db: -42.60160379038787"
IGA Marché Tellier Sainte Dorothee,NORMAL,MOYENNE,"Timestamp: 2026-06-12T16:59:22Z, Db: 51.44840765193085"
IGA Marché Tellier Sainte Dorothee,NORMAL,MOYENNE,"Timestamp: 2026-06-12T16:59:22Z, Db: 58.76085589934164"
IGA Marché Tellier Sainte Dorothee,NORMAL,MOYENNE,"Timestamp: 2026-06-12T16:59:22Z, Db: 58.692690572686466"
IGA Marché Tellier Sainte Dorothee,NORMAL,MOYENNE,"Timestamp: 2026-06-12T16:59:22Z, Db: 58.96774872720505"
IGA Marché Tellier Sainte Dorothee,NORMAL,MOYENNE,"Timestamp: 2026-06-12T16:59:22Z, Db: 57.21832903721159"
IGA Marché Tellier Sainte Dorothee,NORMAL,MOYENNE,"Timestamp: 2026-06-12T16:59:22Z, Db: 58.03508523852885"
IGA Marché Tellier Sainte Dorothee,NORMAL,MOYENNE,"Timestamp: 2026-06-12T16:59:22Z, Db: 57.32556195296383"
IGA Marché Tellier Sainte Dorothee,NORMAL,MOYENNE,"Timestamp: 2026-06-12T16:59:22Z, Db: 57.151029936665424"
IGA Marché Tellier Sainte Dorothee,NORMAL,MOYENNE,"Timestamp: 2026-06-12T16:59:22Z, Db: 56.99270884371016"
IGA Marché Tellier Sainte Dorothee,NORMAL,MOYENNE,"Timestamp: 2026-06-12T16:59:22Z, Db: 56.44313570223045"
IGA Marché Tellier Sainte Dorothee,NORMAL,MOYENNE,"Timestamp: 2026-06-12T16:59:22Z, Db: 58.66089535318142"
IGA Marché Tellier Sainte Dorothee,NORMAL,MOYENNE,"Timestamp: 2026-06-12T16:59:22Z, Db: 57.88253671261943"
IGA Marché Tellier Sainte Dorothee,NORMAL,MOYENNE,"Timestamp: 2026-06-12T16:59:22Z, Db: 58.96865276234783"
IGA Marché Tellier Sainte Dorothee,NORMAL,MOYENNE,"Timestamp: 2026-06-12T16:59:22Z, Db: 55.18335670480909"
IGA Marché Tellier Sainte Dorothee,NORMAL,MOYENNE,"Timestamp: 2026-06-12T16:59:22Z, Db: 55.48433743701242"
IGA Marché Tellier Sainte Dorothee,NORMAL,MOYENNE,"Timestamp: 2026-06-12T16:59:22Z, Db: 56.78124756114865"
IGA Marché Tellier Sainte Dorothee,NORMAL,MOYENNE,"Timestamp: 2026-06-12T16:59:47Z, Db: 51.431276797969545"
IGA Marché Tellier Sainte Dorothee,NORMAL,MOYENNE,"Timestamp: 2026-06-12T16:59:47Z, Db: 57.84458959605996"
IGA Marché Tellier Sainte Dorothee,NORMAL,MOYENNE,"Timestamp: 2026-06-12T16:59:47Z, Db: 59.58542345195259"
IGA Marché Tellier Sainte Dorothee,NORMAL,MOYENNE,"Timestamp: 2026-06-12T16:59:47Z, Db: 56.752453640205616"
IGA Marché Tellier Sainte Dorothee,NORMAL,MOYENNE,"Timestamp: 2026-06-12T16:59:47Z, Db: 56.22990467787558"
IGA Marché Tellier Sainte Dorothee,NORMAL,MOYENNE,"Timestamp: 2026-06-12T16:59:47Z, Db: 58.12860975530934"
IGA Marché Tellier Sainte Dorothee,NORMAL,MOYENNE,"Timestamp: 2026-06-12T16:59:47Z, Db: 56.15268111090673"
IGA Marché Tellier Sainte Dorothee,NORMAL,MOYENNE,"Timestamp: 2026-06-12T16:59:47Z, Db: 59.4208665352184"
IGA Marché Tellier Sainte Dorothee,NORMAL,MOYENNE,"Timestamp: 2026-06-12T16:59:47Z, Db: 58.945422688666156"
IGA Marché Tellier Sainte Dorothee,NORMAL,MOYENNE,"Timestamp: 2026-06-12T16:59:47Z, Db: 58.68397967125672"
IGA Marché Tellier Sainte Dorothee,NORMAL,MOYENNE,"Timestamp: 2026-06-12T16:59:47Z, Db: 59.42756197371854"
IGA Marché Tellier Sainte Dorothee,NORMAL,MOYENNE,"Timestamp: 2026-06-12T16:59:47Z, Db: 57.95923650591794"
IGA Marché Tellier Sainte Dorothee,NORMAL,MOYENNE,"Timestamp: 2026-06-12T16:59:47Z, Db: 57.26504883466"
IGA Marché Tellier Sainte Dorothee,NORMAL,MOYENNE,"Timestamp: 2026-06-12T16:59:47Z, Db: 57.24071980163018"
IGA Marché Tellier Sainte Dorothee,NORMAL,MOYENNE,"Timestamp: 2026-06-12T16:59:47Z, Db: 58.49854155383788"
IGA Marché Tellier Sainte Dorothee,BRUYANT,PROCHE,"Timestamp: 2026-06-12T16:59:47Z, Db: 60.3983123487459"
IGA Marché Tellier Sainte Dorothee,CALME,LOIN,"Timestamp: 2026-06-12T17:00:10Z, Db: -42.405546638579764"
IGA Marché Tellier Sainte Dorothee,NORMAL,MOYENNE,"Timestamp: 2026-06-12T17:00:10Z, Db: 53.55011803352896"
IGA Marché Tellier Sainte Dorothee,NORMAL,MOYENNE,"Timestamp: 2026-06-12T17:00:10Z, Db: 59.09450070840219"
IGA Marché Tellier Sainte Dorothee,NORMAL,MOYENNE,"Timestamp: 2026-06-12T17:00:10Z, Db: 54.24365716723856"
IGA Marché Tellier Sainte Dorothee,NORMAL,MOYENNE,"Timestamp: 2026-06-12T17:00:10Z, Db: 55.41575640790397"
IGA Marché Tellier Sainte Dorothee,NORMAL,MOYENNE,"Timestamp: 2026-06-12T17:00:10Z, Db: 57.48395114617413"
IGA Marché Tellier Sainte Dorothee,NORMAL,MOYENNE,"Timestamp: 2026-06-12T17:00:10Z, Db: 56.21800542014667"
IGA Marché Tellier Sainte Dorothee,NORMAL,MOYENNE,"Timestamp: 2026-06-12T17:00:10Z, Db: 58.01041960777973"
IGA Marché Tellier Sainte Dorothee,NORMAL,MOYENNE,"Timestamp: 2026-06-12T17:00:10Z, Db: 59.64129078571818"
IGA Marché Tellier Sainte Dorothee,NORMAL,MOYENNE,"Timestamp: 2026-06-12T17:00:10Z, Db: 59.84199061037021"
IGA Marché Tellier Sainte Dorothee,NORMAL,MOYENNE,"Timestamp: 2026-06-12T17:00:10Z, Db: 57.41154105216157"
IGA Marché Tellier Sainte Dorothee,NORMAL,MOYENNE,"Timestamp: 2026-06-12T17:00:10Z, Db: 58.02906665704334"
IGA Marché Tellier Sainte Dorothee,NORMAL,MOYENNE,"Timestamp: 2026-06-12T17:00:10Z, Db: 56.290934105789596"
IGA Marché Tellier Sainte Dorothee,NORMAL,MOYENNE,"Timestamp: 2026-06-12T17:00:10Z, Db: 59.86792844757599"
IGA Marché Tellier Sainte Dorothee,NORMAL,MOYENNE,"Timestamp: 2026-06-12T17:00:10Z, Db: 55.296878773648274"
IGA Marché Tellier Sainte Dorothee,NORMAL,MOYENNE,"Timestamp: 2026-06-12T17:00:10Z, Db: 59.69376457285417"
IGA Marché Tellier Sainte Dorothee,NORMAL,MOYENNE,"Timestamp: 2026-06-12T17:00:10Z, Db: 57.623767892879656"
IGA Marché Tellier Sainte Dorothee,NORMAL,MOYENNE,"Timestamp: 2026-06-12T17:00:10Z, Db: 57.77134336452952"
IGA Marché Tellier Sainte Dorothee,NORMAL,MOYENNE,"Timestamp: 2026-06-12T17:00:10Z, Db: 57.06785400122655"
IGA Marché Tellier Sainte Dorothee,CALME,LOIN,"Timestamp: 2026-06-12T17:00:37Z, Db: -46.04174628554403"
IGA Marché Tellier Sainte Dorothee,NORMAL,MOYENNE,"Timestamp: 2026-06-12T17:00:37Z, Db: 51.433742403367404"
IGA Marché Tellier Sainte Dorothee,NORMAL,MOYENNE,"Timestamp: 2026-06-12T17:00:37Z, Db: 55.82163571383869"
IGA Marché Tellier Sainte Dorothee,NORMAL,MOYENNE,"Timestamp: 2026-06-12T17:00:37Z, Db: 56.52827487721251"
IGA Marché Tellier Sainte Dorothee,NORMAL,MOYENNE,"Timestamp: 2026-06-12T17:00:37Z, Db: 58.3365910780848"
IGA Marché Tellier Sainte Dorothee,NORMAL,MOYENNE,"Timestamp: 2026-06-12T17:00:37Z, Db: 56.53164756862619"
IGA Marché Tellier Sainte Dorothee,NORMAL,MOYENNE,"Timestamp: 2026-06-12T17:00:37Z, Db: 58.31480711885288"
IGA Marché Tellier Sainte Dorothee,NORMAL,MOYENNE,"Timestamp: 2026-06-12T17:00:37Z, Db: 58.486080145266506"
IGA Marché Tellier Sainte Dorothee,NORMAL,MOYENNE,"Timestamp: 2026-06-12T17:00:37Z, Db: 59.0941870299686"
IGA Marché Tellier Sainte Dorothee,NORMAL,MOYENNE,"Timestamp: 2026-06-12T17:00:37Z, Db: 58.06149853219024"
IGA Marché Tellier Sainte Dorothee,NORMAL,MOYENNE,"Timestamp: 2026-06-12T17:00:37Z, Db: 56.768949190524225"
IGA Marché Tellier Sainte Dorothee,NORMAL,MOYENNE,"Timestamp: 2026-06-12T17:00:37Z, Db: 57.89213229461307"
IGA Marché Tellier Sainte Dorothee,NORMAL,MOYENNE,"Timestamp: 2026-06-12T17:00:37Z, Db: 58.548501491968885"
IGA Marché Tellier Sainte Dorothee,NORMAL,MOYENNE,"Timestamp: 2026-06-12T17:00:37Z, Db: 57.971292342013"
IGA Marché Tellier Sainte Dorothee,NORMAL,MOYENNE,"Timestamp: 2026-06-12T17:00:37Z, Db: 56.89974561763394"
IGA Marché Tellier Sainte Dorothee,NORMAL,MOYENNE,"Timestamp: 2026-06-12T17:00:37Z, Db: 55.04977855497208"
IGA Marché Tellier Sainte Dorothee,NORMAL,MOYENNE,"Timestamp: 2026-06-12T17:00:37Z, Db: 56.472963265348675"
IGA Marché Tellier Sainte Dorothee,NORMAL,MOYENNE,"Timestamp: 2026-06-12T17:00:37Z, Db: 55.613059479057995"
IGA Marché Tellier Sainte Dorothee,NORMAL,MOYENNE,"Timestamp: 2026-06-12T17:00:37Z, Db: 59.17942079716695"
IGA Marché Tellier Sainte Dorothee,NORMAL,MOYENNE,"Timestamp: 2026-06-12T17:01:06Z, Db: 52.52161857789298"
IGA Marché Tellier Sainte Dorothee,NORMAL,MOYENNE,"Timestamp: 2026-06-12T17:01:06Z, Db: 56.33330584306677"
IGA Marché Tellier Sainte Dorothee,NORMAL,MOYENNE,"Timestamp: 2026-06-12T17:01:06Z, Db: 56.97298323208916"
IGA Marché Tellier Sainte Dorothee,NORMAL,MOYENNE,"Timestamp: 2026-06-12T17:01:06Z, Db: 56.82169083981462"
IGA Marché Tellier Sainte Dorothee,NORMAL,MOYENNE,"Timestamp: 2026-06-12T17:01:06Z, Db: 55.634597150233176"
IGA Marché Tellier Sainte Dorothee,NORMAL,MOYENNE,"Timestamp: 2026-06-12T17:01:06Z, Db: 54.99693429191811"
IGA Marché Tellier Sainte Dorothee,NORMAL,MOYENNE,"Timestamp: 2026-06-12T17:01:06Z, Db: 57.05499895938351"
IGA Marché Tellier Sainte Dorothee,NORMAL,MOYENNE,"Timestamp: 2026-06-12T17:01:06Z, Db: 56.3083923450375"
IGA Marché Tellier Sainte Dorothee,NORMAL,MOYENNE,"Timestamp: 2026-06-12T17:01:06Z, Db: 57.08644356003183"
IGA Marché Tellier Sainte Dorothee,NORMAL,MOYENNE,"Timestamp: 2026-06-12T17:01:06Z, Db: 56.256535638699965"
IGA Marché Tellier Sainte Dorothee,NORMAL,MOYENNE,"Timestamp: 2026-06-12T17:01:06Z, Db: 56.11809756249606"
IGA Marché Tellier Sainte Dorothee,NORMAL,MOYENNE,"Timestamp: 2026-06-12T17:01:06Z, Db: 54.762246816292546"
IGA Marché Tellier Sainte Dorothee,NORMAL,MOYENNE,"Timestamp: 2026-06-12T17:01:06Z, Db: 58.51774583532985"
IGA Marché Tellier Sainte Dorothee,NORMAL,MOYENNE,"Timestamp: 2026-06-12T17:01:06Z, Db: 59.23620752119347"
IGA Marché Tellier Sainte Dorothee,NORMAL,MOYENNE,"Timestamp: 2026-06-12T17:01:06Z, Db: 58.74195407361404"
IGA Marché Tellier Sainte Dorothee,NORMAL,MOYENNE,"Timestamp: 2026-06-12T17:01:06Z, Db: 57.66722027898897"
IGA Marché Tellier Sainte Dorothee,NORMAL,MOYENNE,"Timestamp: 2026-06-12T17:01:06Z, Db: 57.96815273676774"
IGA Marché Tellier Sainte Dorothee,NORMAL,MOYENNE,"Timestamp: 2026-06-12T17:01:29Z, Db: 51.445830775604755"
IGA Marché Tellier Sainte Dorothee,NORMAL,MOYENNE,"Timestamp: 2026-06-12T17:01:29Z, Db: 57.83687323772949"
IGA Marché Tellier Sainte Dorothee,BRUYANT,PROCHE,"Timestamp: 2026-06-12T17:01:29Z, Db: 60.465489013660644"
IGA Marché Tellier Sainte Dorothee,NORMAL,MOYENNE,"Timestamp: 2026-06-12T17:01:29Z, Db: 58.045482199183766"
IGA Marché Tellier Sainte Dorothee,NORMAL,MOYENNE,"Timestamp: 2026-06-12T17:01:29Z, Db: 57.492362574623"
IGA Marché Tellier Sainte Dorothee,NORMAL,MOYENNE,"Timestamp: 2026-06-12T17:01:29Z, Db: 58.29637228723996"
IGA Marché Tellier Sainte Dorothee,NORMAL,MOYENNE,"Timestamp: 2026-06-12T17:01:29Z, Db: 58.001633703001914"
IGA Marché Tellier Sainte Dorothee,NORMAL,MOYENNE,"Timestamp: 2026-06-12T17:01:29Z, Db: 57.08276599925086"
IGA Marché Tellier Sainte Dorothee,NORMAL,MOYENNE,"Timestamp: 2026-06-12T17:01:29Z, Db: 57.51278990042544"
IGA Marché Tellier Sainte Dorothee,NORMAL,MOYENNE,"Timestamp: 2026-06-12T17:01:29Z, Db: 58.07427887489048"
IGA Marché Tellier Sainte Dorothee,NORMAL,MOYENNE,"Timestamp: 2026-06-12T17:01:29Z, Db: 58.33521605527093"
IGA Marché Tellier Sainte Dorothee,NORMAL,MOYENNE,"Timestamp: 2026-06-12T17:01:29Z, Db: 58.130242105670945"
IGA Marché Tellier Sainte Dorothee,NORMAL,MOYENNE,"Timestamp: 2026-06-12T17:01:29Z, Db: 58.760906980751095"
IGA Marché Tellier Sainte Dorothee,NORMAL,MOYENNE,"Timestamp: 2026-06-12T17:01:29Z, Db: 57.126443287210684"
IGA Marché Tellier Sainte Dorothee,NORMAL,MOYENNE,"Timestamp: 2026-06-12T17:01:29Z, Db: 56.92308233659538"
IGA Marché Tellier Sainte Dorothee,NORMAL,MOYENNE,"Timestamp: 2026-06-12T17:01:29Z, Db: 58.471932477667195"
IGA Marché Tellier Sainte Dorothee,NORMAL,MOYENNE,"Timestamp: 2026-06-12T17:01:29Z, Db: 58.833395704622774"
IGA Marché Tellier Sainte Dorothee,CALME,LOIN,"Timestamp: 2026-06-12T17:01:54Z, Db: -42.04289838071819"
IGA Marché Tellier Sainte Dorothee,NORMAL,MOYENNE,"Timestamp: 2026-06-12T17:01:54Z, Db: 53.57716053017094"
IGA Marché Tellier Sainte Dorothee,NORMAL,MOYENNE,"Timestamp: 2026-06-12T17:01:54Z, Db: 59.847490114191466"
IGA Marché Tellier Sainte Dorothee,NORMAL,MOYENNE,"Timestamp: 2026-06-12T17:01:54Z, Db: 57.944750433038465"
IGA Marché Tellier Sainte Dorothee,NORMAL,MOYENNE,"Timestamp: 2026-06-12T17:01:54Z, Db: 56.98571401465103"
IGA Marché Tellier Sainte Dorothee,NORMAL,MOYENNE,"Timestamp: 2026-06-12T17:01:54Z, Db: 56.40097467589687"
IGA Marché Tellier Sainte Dorothee,NORMAL,MOYENNE,"Timestamp: 2026-06-12T17:01:54Z, Db: 59.044095026064184"
IGA Marché Tellier Sainte Dorothee,NORMAL,MOYENNE,"Timestamp: 2026-06-12T17:01:54Z, Db: 57.93872579870927"
IGA Marché Tellier Sainte Dorothee,NORMAL,MOYENNE,"Timestamp: 2026-06-12T17:01:54Z, Db: 58.135734915259704"
IGA Marché Tellier Sainte Dorothee,NORMAL,MOYENNE,"Timestamp: 2026-06-12T17:01:54Z, Db: 55.029022015513846"
IGA Marché Tellier Sainte Dorothee,NORMAL,MOYENNE,"Timestamp: 2026-06-12T17:01:54Z, Db: 58.65474490365922"
IGA Marché Tellier Sainte Dorothee,NORMAL,MOYENNE,"Timestamp: 2026-06-12T17:01:54Z, Db: 56.77012729044064"
IGA Marché Tellier Sainte Dorothee,NORMAL,MOYENNE,"Timestamp: 2026-06-12T17:01:54Z, Db: 56.1961002926389"
IGA Marché Tellier Sainte Dorothee,NORMAL,MOYENNE,"Timestamp: 2026-06-12T17:01:54Z, Db: 55.30460236298691"
IGA Marché Tellier Sainte Dorothee,NORMAL,MOYENNE,"Timestamp: 2026-06-12T17:01:54Z, Db: 57.686092653330874"
IGA Marché Tellier Sainte Dorothee,NORMAL,MOYENNE,"Timestamp: 2026-06-12T17:01:54Z, Db: 55.94615867254284"
IGA Marché Tellier Sainte Dorothee,NORMAL,MOYENNE,"Timestamp: 2026-06-12T17:01:54Z, Db: 57.52648472593389"
IGA Marché Tellier Sainte Dorothee,NORMAL,MOYENNE,"Timestamp: 2026-06-12T17:01:54Z, Db: 56.0136965608477"
IGA Marché Tellier Sainte Dorothee,CALME,LOIN,"Timestamp: 2026-06-12T17:02:19Z, Db: -42.002131704003375"
IGA Marché Tellier Sainte Dorothee,NORMAL,MOYENNE,"Timestamp: 2026-06-12T17:02:19Z, Db: 52.45635728425607"
IGA Marché Tellier Sainte Dorothee,NORMAL,MOYENNE,"Timestamp: 2026-06-12T17:02:19Z, Db: 59.46055633107585"
IGA Marché Tellier Sainte Dorothee,NORMAL,MOYENNE,"Timestamp: 2026-06-12T17:02:19Z, Db: 58.99359834246865"
IGA Marché Tellier Sainte Dorothee,NORMAL,MOYENNE,"Timestamp: 2026-06-12T17:02:19Z, Db: 56.37211096974578"
IGA Marché Tellier Sainte Dorothee,NORMAL,MOYENNE,"Timestamp: 2026-06-12T17:02:19Z, Db: 57.311017850927605"
IGA Marché Tellier Sainte Dorothee,NORMAL,MOYENNE,"Timestamp: 2026-06-12T17:02:19Z, Db: 58.155947400085395"
IGA Marché Tellier Sainte Dorothee,NORMAL,MOYENNE,"Timestamp: 2026-06-12T17:02:19Z, Db: 57.438219757487474"
IGA Marché Tellier Sainte Dorothee,NORMAL,MOYENNE,"Timestamp: 2026-06-12T17:02:19Z, Db: 55.95337383321896"
IGA Marché Tellier Sainte Dorothee,NORMAL,MOYENNE,"Timestamp: 2026-06-12T17:02:19Z, Db: 58.90039121202734"
IGA Marché Tellier Sainte Dorothee,NORMAL,MOYENNE,"Timestamp: 2026-06-12T17:02:19Z, Db: 56.53632453479577"
IGA Marché Tellier Sainte Dorothee,NORMAL,MOYENNE,"Timestamp: 2026-06-12T17:02:19Z, Db: 57.91871753466225"
IGA Marché Tellier Sainte Dorothee,NORMAL,MOYENNE,"Timestamp: 2026-06-12T17:02:19Z, Db: 59.29856309525405"
IGA Marché Tellier Sainte Dorothee,NORMAL,MOYENNE,"Timestamp: 2026-06-12T17:02:19Z, Db: 58.991553056959134"
IGA Marché Tellier Sainte Dorothee,NORMAL,MOYENNE,"Timestamp: 2026-06-12T17:02:19Z, Db: 56.8709540121134"
IGA Marché Tellier Sainte Dorothee,NORMAL,MOYENNE,"Timestamp: 2026-06-12T17:02:19Z, Db: 57.66246562568774"
IGA Marché Tellier Sainte Dorothee,NORMAL,MOYENNE,"Timestamp: 2026-06-12T17:02:19Z, Db: 55.519240028422274"
IGA Marché Tellier Sainte Dorothee,NORMAL,MOYENNE,"Timestamp: 2026-06-12T17:02:19Z, Db: 58.45702338483492"
